帖子发布日期,平台,标题,标签,一句话描述,推荐度,推荐标签,判断理由,链接,用户备注
2026-06-16,PC/Switch,穿越时空2,RPG；叙事驱动；时空穿越；冒险,在两个平行世界间穿越时空的经典RPG重制版，收录40+伙伴并附赠原创新章有声小说,3,可试,叙事驱动、氛围优秀、探索感强、光田康典音乐顶级、美术风格独特，但传统回合制战斗与口味有冲突。已发行PC和Switch双版本。,https://www.gamer520.com/115918.html,
2026-06-16,PC,三国志7 威力加强版,策略；历史模拟；三国；角色扮演,扮演三国时代全武将体验不同身份人生轨迹的历史策略模拟游戏,3,可试,策略经营与角色扮演结合，有多样的身份选择和人生体验，适合喜欢策略计算的玩家；但整体偏传统历史模拟器，系统较为老旧。,https://www.gamer520.com/115913.html,
2026-06-16,PC,永恒远征 (Eternal Exodus),角色扮演；独立；怪物收集；回合制；哲学,以来世为舞台的捕怪RPG，捕捉融合神话生物，探讨哲学与形而上学主题,3,可试,设定新颖（来世/哲学主题）、有叙事牵引力，但核心玩法是传统回合制捕怪战斗（类宝可梦/SMT），属于用户兴趣较低的领域。,https://www.gamer520.com/115893.html,
2026-06-16,PC,红色回响 Echoes of Red,Roguelite；射击；动作,快节奏Roguelite射击游戏，携带大量武器对抗无尽敌人,1,非常不推荐,射击类游戏，纯战斗堆数值，无叙事和氛围，属于明确排除类型,https://www.gamer520.com/115884.html,
2026-06-16,PC,欢迎光临 Beastro,休闲；独立；角色扮演,奇幻冒险烹饪RPG，不用刀剑而用汤勺拯救世界,3,可试,奇幻烹饪RPG概念有趣，有生活气息和新颖感，但信息有限需进一步了解。,https://www.gamer520.com/115850.html,
2026-06-16,PC,专注森林 Focus Grove,休闲；独立；模拟,通过完成现实任务建设农场的专注力伴侣工具,2,不推荐,本质是游戏化的生产力工具，缺少叙事、探索和深度游戏体验。,https://www.gamer520.com/115847.html,
2026-06-16,PC,Cursed Blood,动作；独立,残暴血腥的近战Roguelike游戏，化身复仇武士猿在血能朋克世界展开杀戮,2,不推荐,核心是血腥近战战斗Roguelike，缺少故事深度和生活气息,https://www.gamer520.com/115842.html,
2026-06-16,PC,异食工厂 Snacktorio,休闲；模拟,工厂烹饪自动化游戏，建造食品生产线喂养饥饿的巨兽,4,推荐,工厂自动化+烹饪主题，有资源管理经营计算、岛屿探索和叙事驱动，生活气息浓厚且形式新颖。,https://www.gamer520.com/115351.html,"Shapez2印象深刻但不想要更多同类了, 没兴趣"
2026-06-16,PC,审判幸存者 Trials Survivors,动作；休闲；独立；角色扮演,类幸存者生存肉鸽游戏，在无尽怪潮中升级技能收集遗物,1,非常不推荐,明确的类幸存者游戏，属于口味中明确列出的不喜欢类别,https://www.gamer520.com/115327.html,
2026-06-16,PC,导师模拟器 桌面实验室,模拟,扮演导师招募学生、发表论文、管理实验室的半挂机模拟游戏,2,不推荐,学术主题和管理系统有新颖之处，但核心是半挂机模拟,https://www.gamer520.com/115293.html,
2026-06-16,Switch,墨境 Realm of Ink,动作；Roguelite；水墨风,水墨风动作Roguelite游戏，扮演侠女丹朱在荒墟中对抗天道,2,不推荐,核心为动作Roguelite重复刷刷刷玩法，含好感度约会等二次元卖点，与口味偏好冲突。,https://www.gamer520.com/114291.html,
2026-06-16,PC,我自成道,修仙；挂机；模拟；放置,修仙题材挂机模拟游戏，自动修炼自动战斗，从凡界飞升至诸天万界,1,非常不推荐,修仙挂机放置类，属于明确排除类型,https://www.gamer520.com/113536.html,
2026-06-16,Switch,恶魔狂欢 Devil Jam,类幸存者；动作,自上而下类幸存者游戏，摇滚明星在地狱对抗怪物群,1,非常不推荐,明确的类幸存者游戏，属于口味中明确列出的不喜欢类别,https://www.gamer520.com/110897.html,
2026-06-16,PC,无限的迷宫城,动作；美少女；机甲；地牢刷宝,美少女机甲题材动作地牢刷宝游戏，弹反闪避连段高速战斗,1,非常不推荐,核心为高速反应操作+二次元美少女卖点+刷宝循环，多个排除项叠加,https://www.gamer520.com/110253.html,
2026-06-16,PC,艾伦加德 神启 Elengard Ascension,CRPG；策略；角色扮演；开放世界,类似龙腾世纪起源的实时暂停制CRPG，侧重策略战斗、技能Build和半开放世界探索,3,可试,RTWP战斗偏向策略而非纯反应，有探索和技能构筑，但整体仍以战斗为主。,https://www.gamer520.com/105337.html,
2026-06-16,PC,宗门志,修仙；模拟；策略；管理,修仙宗门经营模拟游戏，重建宗门、招募弟子、探索秘境、参悟天地规则,2,不推荐,属于泛修仙题材，核心是境界突破、打怪刷资源等用户不优先的类型。,https://www.gamer520.com/103320.html,
2026-06-16,PC,破碎天堂 塞壬之井,动作；冒险；恐怖,生存恐怖游戏，深入精神病院面对诅咒与怪物，使用枪械战斗、潜行处决。,1,非常不推荐,核心是枪械射击战斗和反应操作，属于FPS/动作恐怖类型,https://www.gamer520.com/102716.html,
2026-06-16,PC,孤女困魇,动作；冒险；独立,剧情驱动的射击游戏，少女在异世界地下城中战斗求生,2,不推荐,虽为剧情驱动且有氛围感，但核心玩法为射击战斗,https://www.gamer520.com/101429.html,
2026-06-16,PC,暴走地牢大冒险,地牢探索；Roguelite；像素；回合制,2D像素风格Roguelite地牢探索RPG，融合节奏回合制与无厘头搞笑剧情,2,不推荐,核心依赖反应操作，属于操作挑战类型,https://www.gamer520.com/101216.html,
2026-06-16,PC,枪火重生,第一人称射击；Roguelite；RPG；合作,融合FPS、Roguelite和RPG元素的冒险闯关游戏,1,非常不推荐,第一人称射击游戏，明确排除不玩（晕3D/晕射击）,https://www.gamer520.com/101174.html,
2026-06-16,PC,所谓侠客,冒险；独立；角色扮演,可选不同出身，抢武器、拜师门、结仇、下毒、算命，不必做大侠，可做江湖怪人。,3,可试,武侠题材自由度较高，有探索和角色扮演趣味，但泛武侠题材本身非首选,https://www.gamer520.com/100355.html,
2026-06-16,PC,矿坑之下2,动作；Roguelike；地牢探索；冒险,动作冒险Roguelike地牢探索游戏，收集圣物组合Build,2,不推荐,核心是动作地牢战斗循环+重复刷刷刷收集圣物,https://www.gamer520.com/96552.html,
2026-06-16,PC,青岚物语,冒险；角色扮演；模拟,以妖怪世界为舞台的治愈田园生活模拟游戏，经营农场、修缮祖宅、与居民缔结羁绊。,4,推荐,生活气息浓郁，有日常经营、居民关系、四季探索和幻化机制，氛围治愈，符合多项目口味偏好。,https://www.gamer520.com/93167.html,"看描述感觉像是很老的生产经营类游戏, 还有战斗, 不玩"
2026-06-16,PC,钢铁雄心IV (Hearts of Iron IV),策略；大战略；战争；Paradox,Paradox开发的二战大战略游戏，指挥国家进行工业、外交与军事行动,3,可试,有深度策略经营（工业/资源/外交/科技树），但核心是战争模拟，叙事和人文层面较弱。对二战历史感兴趣时可作为策略参考体验。,https://www.gamer520.com/92050.html,
2026-06-16,PC,昏迷 2B 地下墓穴,动作；冒险；独立,韩国恐怖冒险游戏，手绘画风，逃离镜像维度中的疯狂追杀者。,3,可试,手绘美术风格突出，有叙事和探索要素，但核心是潜行躲避的生存恐怖玩法。,https://www.gamer520.com/83991.html,
2026-06-16,PC/Switch,展翅翱翔,独立；策略,屡获殊荣的鸟类主题策略卡牌游戏，170种独特鸟类，构建自然保护区,3,可试,美术风格清新，策略经营有深度，主题独特新颖，但缺乏叙事和探索体验。,https://www.gamer520.com/69284.html,
2026-06-16,PC,修仙家族模拟器,修仙；模拟；策略；休闲,修仙家族模拟游戏，扮演家族老祖占领海岛、发展家族、探索秘境,2,不推荐,属于泛修仙题材，核心仍是家族修炼成长、打怪刷资源，不在用户优先推荐范围内。,https://www.gamer520.com/64553.html,
2026-06-16,PC,泰坦陨落2 (Titanfall 2),动作；第一人称射击；机甲,第一人称射击游戏，结合高速铁驭战斗与巨型泰坦机甲,1,非常不推荐,第一人称射击游戏（FPS），用户明确表示晕3D/晕射击，完全不玩任何FPS游戏。,https://www.gamer520.com/56283.html,
2026-06-16,PC,节奏医生,节奏；独立；休闲；音乐,用一个按键跟随节奏为病人心脏除颤的创意音乐游戏,2,不推荐,核心玩法为纯节奏反应操作挑战，与口味偏好中的纯反应操作不符。,https://www.gamer520.com/47417.html,
2026-06-16,PC,"战锤40K：行商浪人 (Warhammer 40,000: Rogue Trader)",角色扮演；策略；科幻；叙事；CRPG,Owlcat开发的战锤40K宇宙CRPG，扮演行商浪人探索星域、集结同伴、做出影响命运的抉择,4,推荐,强叙事驱动、同伴个人故事线、选择影响世界、氛围浓郁的黑暗科幻设定。战术回合制有策略深度，非纯数值战斗。CRPG叙事探索体验丰富。,https://www.gamer520.com/47313.html,
2026-06-16,PC,群星 (Stellaris),科幻；策略；模拟；大战略；探索；太空,Paradox开发的科幻大战略游戏，探索银河、管理帝国、通过事件与外交推进叙事,4,推荐,符合探索驱动（程序生成银河、未知星系）、策略经营（资源/外交/帝国管理）、叙事涌现（随机事件与文明邂逅）等偏好。非战斗核心，而是系统层叠的体验引擎。,https://www.gamer520.com/43143.html,
2026-06-16,PC,金垦小镇,冒险；休闲；独立；角色扮演；模拟,澳洲内陆风情的生存模拟与岛屿经营游戏，耕种、狩猎、采矿、钓鱼、建造城镇。,3,可试,有生活气息、探索和城镇经营要素，但叙事较弱。,https://www.gamer520.com/39028.html,
2026-06-16,PC,死亡细胞 Dead Cells,动作；Roguelite；类银河城；平台动作,Roguelite融合银河战士恶魔城元素的2D平台动作游戏,1,非常不推荐,类魂战斗、高度重复刷刷刷、纯反应动作操作，与口味偏好中的多项严重冲突。,https://www.gamer520.com/22593.html,
2026-06-15,Switch,咖啡心语 东京 Coffee Talk Tokyo,模拟；叙事；氛围；像素美术,在东京的咖啡店为人类和妖怪调制饮品，倾听他们的故事与心声。,5,优先推荐,高度契合口味基准：叙事驱动（顾客故事）、有氛围（lo-fi音乐+咖啡店）、生活气息浓郁、casual但不空、以冲煮饮品为体验引擎、关注具体人物和关系变化、像素美术风格明确。无战斗无反应操作，完美匹配。,https://www.gamer520.com/115836.html,
2026-06-15,Switch,回转齿轮 零 Revolgear Zero,横版射击；STG；街机风格,横向卷轴射击游戏，操控子机系统在7个关卡中突破敌阵。,1,非常不推荐,纯横版STG射击游戏，核心是反应躲避和高速射击，几乎无叙事和探索元素。属于纯反应操作类别，与口味基准严重冲突。,https://www.gamer520.com/115833.html,
2026-06-15,Switch,绝对阶级学园 Eden with roses and phantasm,视觉小说；恋爱模拟；乙女；学园；悬疑,在绝对阶级制度支配的名门学府中，少女相遇恋情并逐步揭开学园真相。,3,可试,有叙事牵引和悬疑设定，阶级制度作为社会关系框架提供了人文和选择层面的看点，氛围感尚可。但本质是乙女恋爱视觉小说，可能偏向角色收集和恋爱路线，口味中'过度二次元恋爱卖点'会降权。剧情和阶级设定有一定新意，可试玩判断。,https://www.gamer520.com/115830.html,
2026-06-15,PC,末日降临! 被美女们关进避难所!?,互动影游；选择导向；视觉小说；末日；暧昧,选择导向的末日题材互动影游，玩家在避难所中与五位神秘美女周旋，在怀疑与心动之间做出选择。,2,不推荐,主打美女暧昧互动的视觉小说式互动影游，虽然有一定叙事和选择设计，但主要卖点属于'被美女包围'的恋爱/暧昧范畴，用户明确对此类过度二次元/恋爱卖点降权。,https://www.gamer520.com/115805.html,
2026-06-15,PC,恐惧深处 Fears to Fathom Scratch Creek,心理恐怖；合作；叙事驱动；步行模拟；独立,基于真实经历改编的双人合作心理恐怖游戏，以叙事为核心的步行模拟，包含驾驶与探索机制。,4,推荐,叙事驱动的心理恐怖步行模拟器，有强烈氛围和故事牵引力，基于真实经历改编的章节式结构，探索与驾驶机制形成推进力，符合用户对叙事、氛围和体验引擎的偏好。缺点是需要强制双人合作。,https://www.gamer520.com/115792.html,
2026-06-15,PC,特里修斯之门 The Doors of Trithius,独立；角色扮演；模拟；策略,开放世界Roguelike RPG，程序生成世界中的战术回合制战斗，包含生存、烹饪、制作、阵营战争和远古地下城探索。,3,可试,有探索驱动和策略经营要素（生存管理、疲劳、阵营动态、制作），计时单位制回合战斗有创新性，开放世界探索感强。但Roguelike框架下死亡重置和程序生成可能导致重复感，战斗仍是核心内容，整体偏重型。可作为设计参考试玩。,https://www.gamer520.com/115752.html,
2026-06-15,PC,专业抬杠,动作；冒险；休闲；独立,双人合作物理闯关游戏，默契操控担架护送暴躁国王穿越陷阱,2,不推荐,纯操作协调与物理平衡挑战，核心乐趣来自反应配合和时机掌握，属纯反应/操作类游戏，与口味偏好中排斥纯操作挑战相悖,https://www.gamer520.com/115748.html,
2026-06-15,PC,料理手推车 Food Wagon,动作；冒险,Roguelike动作RPG，在料理被禁止的异世界狩猎采集烹饪并挑战神明,2,不推荐,核心是动作战斗与Roguelike循环，虽烹饪题材有新意，但主要内容是战斗打怪和数值成长，缺少故事驱动和氛围营造,https://www.gamer520.com/115743.html,
2026-06-15,PC,巫塔战记,开放世界；魔法；合作；冒险；生存,开放世界巫师合作冒险游戏，收服魔宠、建造家园、探索大地、对抗腐化，可单人亦可多人。,3,可试,开放世界魔法冒险，有探索、建造、收集魔宠等有趣元素，氛围有一定辨识度。但核心玩法以战斗生存为主，叙事牵引力较弱，整体偏动作生存方向。适合试玩，但不在核心推荐范围。,https://www.gamer520.com/115486.html,
2026-06-15,PC,沃德灵 共生,动作；冒险；角色扮演,第三人称射击为核心，收集进化沃德灵生物，利用基因交配培育强大个体,2,不推荐,核心玩法为第三人称射击战斗，虽然生物收集和基因系统有一定新颖性，但战斗仍占主导，不符合口味偏好。,https://www.gamer520.com/115244.html,
2026-06-15,PC,PROHIBEAST,战术；潜行；策略；历史,以1930年代芝加哥禁酒令时期为背景的实时战术潜入游戏，扮演铁面无私小队打击黑手党阿尔·卡彭,3,可试,战术潜行类型，强调计划、利用环境、多种解决方案，有历史氛围和叙事潜力。但实时战术可能带操作压力，游戏知名度不高，质量不确定，暂定可试。,https://www.gamer520.com/114768.html,
2026-06-15,PC,终世传说,动作；冒险；角色扮演；策略,16位像素风格JRPG与肉鸽融合，回合制战术战斗，选择驱动的分支路线与随机生成遭遇。,2,不推荐,核心玩法是传统回合制战术战斗+肉鸽，描述几乎完全围绕战斗、队伍构筑和随机遭遇展开，缺乏故事、氛围、生活感和人文关系的突出描写。口味基准明确表示对传统回合制战斗兴趣较低，战斗为主的作品若无强叙事/氛围则不优先推荐。,https://www.gamer520.com/113582.html,
2026-06-15,PC,Better Than Dead,动作；独立；FPS,以香港霓虹街巷为背景的残酷第一人称射击游戏，采用随身记录仪视角，玩家扮演幸存者在照片级真实场景中执行复仇。,1,非常不推荐,明确的第一人称射击游戏（FPS），并且带有晕眩感强的随身记录仪视角。口味基准明确列出'完全不玩任何FPS游戏'，直接排除。,https://www.gamer520.com/113420.html,
2026-06-15,PC,深红誓言,动作；冒险；独立；角色扮演,类只狼魂式箱庭动作角色扮演游戏，在腐败大陆上为信念而战,1,非常不推荐,核心玩法为类魂战斗（类只狼），以Boss模式识别和反应闪避为核心，口味基准明确此类游戏评分固定为1-2分。,https://www.gamer520.com/112674.html,
2026-06-15,PC,王朝 将军觐见,策略；模拟；历史沙盒；经济；政治,深度历史策略沙盒模拟游戏，在自运行的经济政治社会中通过交易、交际、廷议等手段影响天下大势。,4,推荐,深度历史策略沙盒，具备自运行的经济政治系统、POP人口体系、资源压力（钱、权力、关系）、人际关系网和廷议系统，完美契合用户对策略选择、经营计算、人文关系和体验引擎的偏好。不是纯数值计算，而是为叙事体验服务的系统。,https://www.gamer520.com/111368.html,"感觉像是三国志的衍生, 非常复杂, 现在不爱玩了"
2026-06-15,PC,挂机修仙,冒险；休闲；角色扮演；放置；修仙,一款小体量放置挂机修仙游戏，以自动修炼、境界突破、装备强化和符箓绘制为核心玩法，主打长时间挂机成长。,1,非常不推荐,纯放置/挂机修仙游戏，核心是自动修炼、突破境界、挂机刷资源，属于明确的'泛修仙、挂机、放置'类型，完全不符合口味偏好。,https://www.gamer520.com/108616.html,
2026-06-15,PC,桃源村日志,模拟；生活；角色扮演；休闲,在传统中式村庄中耕种、畜牧、钓鱼、交友、建造，经营农庄并影响村民命运的悠闲生活模拟游戏。,5,优先推荐,高度符合口味基准：有浓厚的生活气息（耕种、钓鱼、畜牧、烹饪、建造），有人文关系（每个村民有故事、关系会随交往变化），有经营计算（九大行当、资源管理），有明确氛围（传统中式村庄、节日、中式婚礼），叙事牵引力强（影响村民命运），容易进入且有回味。几乎全部命中喜好项，无任何排斥项。,https://www.gamer520.com/105400.html,
2026-06-15,PC,虚妄之盒,策略；卡牌；肉鸽,下落式肉鸽卡牌战斗游戏，通过构筑卡牌与宝物养成强力角色进行快节奏连击战斗。,1,非常不推荐,核心是纯卡牌构筑+肉鸽战斗连击，240+卡牌反复刷取养成，无故事、无氛围、无人文关系。口味基准明确排除传统卡牌战斗和高度重复刷刷刷类型。,https://www.gamer520.com/103983.html,
2026-06-15,PC,蛮荒计划,生存；FPS；恐龙；开放世界；动作,第一人称生存射击游戏，玩家在恐龙岛屿上对抗雇佣兵和远古生物，通过制作和驯服恐龙生存。,1,非常不推荐,核心玩法为第一人称射击（FPS），用户明确表示'晕3D/晕射击，完全不玩任何FPS游戏'，无论其他元素如何都直接排除。,https://www.gamer520.com/103296.html,
2026-06-15,PC,放松时光 与你共享Lo-Fi故事,休闲；模拟；视觉小说,与写故事的少女聪音一起工作的有声小说游戏，可自定义Lo-Fi音乐、环境音和风景，专注工作并加深关系,4,推荐,独特的Lo-Fi氛围与专注工作陪伴体验，新颖形式结合番茄钟、环境音与视觉小说，有生活气息和人物关系发展，符合口味中对氛围、新颖形式和casual但有内容的需求,https://www.gamer520.com/102319.html,
2026-06-15,PC,尤卡莱莉 回归 Yooka-Laylee Remastered,动作；冒险；休闲；独立,3D平台跳跃收集游戏，扮演变色龙和果蝠穿梭奇幻国度收集书页，重制版全面升级画质与玩法,2,不推荐,核心玩法是3D平台跳跃收集，操作和跳跃挑战是主要体验，属于用户明确排除的纯反应动作/高难度平台跳跃范畴。虽然画风可爱、有探索要素，但无法改变其操作驱动的本质。,https://www.gamer520.com/100585.html,
2026-06-15,PC,施莱恩传说 Shrine's Legacy,动作；冒险；独立；角色扮演；像素风,受超任经典启发的16位动作RPG，双主角实时战斗，探索广阔魔法世界、收集元素宝石、解谜并在角色羁绊驱动的故事中拯救世界。,3,可试,有明确的像素美术风格和叙事驱动，故事围绕双主角的羁绊与牺牲展开，探索和元素解谜有一定趣味。但核心玩法为实时动作战斗和地下城攻略，战斗占比较高，且类型偏向传统ARPG，不完全符合口味偏好。,https://www.gamer520.com/100481.html,
2026-06-15,PC,虚空破坏者 混沌终端,动作；冒险；独立；角色扮演,Roguelite第一人称射击游戏，对抗AI机器军团，深度枪械改装逃出循环,1,非常不推荐,第一人称射击游戏（FPS），口味基准明确不玩任何FPS游戏（晕3D/晕射击）。,https://www.gamer520.com/98135.html,
2026-06-15,PC,魔王将至,角色扮演；策略,轻肉鸽自动对战策略游戏，在魔王追猎下收集装备、拟定战略、抵御魔兽,2,不推荐,核心为轻肉鸽自动对战，以战斗装备策略组合为主，缺少叙事牵引、氛围营造和人物塑造，与口味中重视故事、氛围和独特体验的要求不符,https://www.gamer520.com/96357.html,
2026-06-15,PC,我是BOSS Noobs Are Coming,动作；休闲；独立；Roguelike,玩家扮演最终BOSS，在竞技场中组合海量攻击技能Build，抵御一波波涌来的菜鸟英雄的Roguelike生存游戏。,1,非常不推荐,波次怪潮生存玩法，核心是Build搭配和割草战斗，属于类幸存者游戏范畴。纯战斗堆怪、无故事探索和氛围，与口味完全不符。,https://www.gamer520.com/96203.html,
2026-06-15,PC,卡牌店模拟器 多人联机版,休闲；模拟；策略,经营一家卡牌店，可联机合作或竞争，收集卡牌并与朋友对战,3,可试,有经营管理和资源取舍的乐趣，包含店铺装修、员工雇佣和探索元素，但卡牌对战（传统回合制/自动战斗）和模拟器性质缺少叙事和人物深度，整体偏机械流程,https://www.gamer520.com/95896.html,
2026-06-15,PC,隔离区 丧尸末日生存,动作；独立；角色扮演；模拟,丧尸末日生存沙盒，搜集资源、建造避难所、击败尸潮和变异怪物,2,不推荐,核心是丧尸战斗与生存建造循环，缺乏叙事牵引和人文氛围，战斗占据主要内容，口味匹配度低。,https://www.gamer520.com/55550.html,
2026-06-15,Switch,忍者神龟 施耐德的复仇,横版动作；清版格斗；像素美术；多人合作,经典80年代动画改编的横版清关格斗游戏，操作忍者神龟组合招连招打倒敌人。,2,不推荐,核心玩法是横版清关格斗，主要乐趣来自连招、闪避和打倒成群敌人，属于纯操作范畴。虽有像素美术和怀旧情怀加分，但缺少叙事牵引、探索推进和策略压力，不在核心口味内。,https://www.gamer520.com/32902.html,
2026-06-14,PC,龙腾世纪2 终极版 Dragon Age II Ultimate Edition,角色扮演；动作；冒险；奇幻,扮演难民霍克在柯克沃城崛起的故事，非线性叙事横跨十年，决策影响同伴关系与世界走向,4,推荐,强叙事驱动，角色关系系统（友谊/敌对），选择影响深远，城市氛围浓郁，注重具体人物和生活压力。战斗可暂停战术指挥，减轻操作压力。符合叙事、人文关系、策略取舍等多条口味偏好。,https://www.gamer520.com/115733.html,
2026-06-14,PC,龙腾世纪 起源 Dragon Age Origins,角色扮演；策略；冒险,经典BioWare暗黑奇幻RPG，多起源开局，探索世界、做出道德抉择、战术小队战斗,4,推荐,叙事与角色塑造极强，六个不同起源故事提供沉浸式代入，黑暗奇幻氛围浓郁，队友关系与道德抉择深刻。战术暂停战斗强调策略而非反应。符合叙事驱动、氛围、人文关系、策略取舍等多条核心口味。,https://www.gamer520.com/115730.html,
2026-06-14,PC,三国志9 威力加强版,策略；历史；模拟,光荣经典三国策略游戏，全中国地图上统一战略与战斗，扮演君主实时推动历史发展,3,可试,经典的策略经营游戏，有资源管理、外交、战争等深度策略系统，符合口味中的策略选择偏好。但版本过老(原版2003)，界面和体验较陈旧，偏宏观战略缺乏具体人物和叙事细节。,https://www.gamer520.com/115727.html,
2026-06-14,PC,锁链王冠 Chain of Crown,动作；角色扮演；策略；休闲；独立,扮演落魄者通过结伴旅行、队伍养成和负债生存资源压力机制，逐步逆袭重返巅峰的探险RPG。,2,不推荐,游戏核心是招募角色、迭代队伍配置的战斗成长循环；负债生存的资源压力有策略感，但整体框架是打怪变强+收集角色，叙事和氛围驱动力薄弱，与口味中对叙事、氛围、生活气息的偏好相距较远。,https://www.gamer520.com/115709.html,
2026-06-14,PC,绯红战术 白旗之黎明,策略；回合制；战术；SRPG,回合制战术SRPG，中世纪高魔幻想背景下在温戴尔王国的权力内战中排兵布阵决定王座归属。,2,不推荐,核心是回合制战术战棋战斗，以兵种搭配、职业体系和战术网格为玩法主体，不符合口味偏好。,https://www.gamer520.com/115683.html,
2026-06-14,PC,囚徒的柜台 Tellers Duty,叙事驱动；模拟；生活气息；时代氛围,1980年代银行出纳员模拟叙事游戏，在高压政策和严苛制度下处理交易、面对伦理困境、支撑家庭。,4,推荐,叙事驱动浓烈，80年代时代氛围感强，银行柜台工作模拟有生活气息，伦理选择带来叙事牵引力，非常贴合口味。,https://www.gamer520.com/115673.html,
2026-06-14,PC,生命效应,生存射击；开放世界；第一人称；动作；科幻,以外星入侵后的废土为背景，支持第一/第三人称视角的生存射击游戏，核心是收集资源、制作装备、对抗变异体和巨型怪物。,1,非常不推荐,游戏支持第一人称视角且以射击战斗为核心，用户明确晕3D且完全不玩任何FPS游戏。主要内容围绕对抗变异体、巨型怪物和外星生命展开，属于纯战斗生存射击类型，缺乏叙事驱动、氛围营造、人文关系和探索体验等偏好元素。,https://www.gamer520.com/114279.html,
2026-06-14,PC,下一站江湖Ⅱ（The Next Jianghu II）,开放世界；角色扮演；沙盒；武侠；模拟经营；骑砍；探索,一款包含沙盒剧情主角养成、无缝大地图采集建造模拟经营和骑砍Like门派霸图的开放世界武侠游戏,3,可试,泛武侠题材（减分项），但有沙盒剧情、采集建造模拟经营、市井身份剧情等丰富系统，非纯战斗堆数值。开放世界探索和多种身份规则玩法具有一定吸引力，但砍杀战斗和武侠题材整体偏离核心口味,https://www.gamer520.com/112974.html,
2026-06-14,PC,孤山独影 (CAIRN),登山；生存；叙事驱动；氛围探索；资源管理；策略规划,扮演专业登山者艾瓦，在神之山上规划攀岩路线、管理岩钉与资源，遇见同伴并倾听留在半途之人的故事，决定为实现登顶目标愿意付出什么代价。,4,推荐,拥有明确的登山氛围与孤独感，叙事牵引力强（艾瓦的登顶目标与牺牲抉择）；资源管理（岩钉）与路线规划提供策略取舍；沿途同伴故事丰富了人文温度。类似《孤山速降》但补足了故事与陪伴的维度，符合叙事驱动+氛围+策略口味的偏好。,https://www.gamer520.com/105861.html,
2026-06-14,PC,溯光行（Trace of Light）,动作冒险；解谜；类魂；空间回溯；赛博朋克,以空间回溯为核心的动作冒险游戏，玩家扮演失去记忆的执行者，在人类的意识空间中探索风格化场景、破解谜题、搭配技能，并体验解谜加轻类魂的Boss战斗。,2,不推荐,明确标注了轻类魂Boss战斗，根据口味基准中类魂战斗无论其他优点评分固定1-2分的规定，核心玩法涉及类魂战斗判定不推荐。虽然有空间回溯机制、风格化场景和叙事设定等亮点，但战斗模式与口味核心冲突。,https://www.gamer520.com/102581.html,
2026-06-14,PC,修仙 但系统让我种田,修仙；种田；角色养成；好感度,穿越到妖魔横行的末世，在桃源村通过种田、完成任务和提升女性角色好感度来生存与成长的修仙养成游戏。,2,不推荐,修仙题材加女性角色好感度系统为核心卖点，属于泛修仙+过度二次元/恋爱卖点范畴，与口味明显不符。种田和任务系统有一定可取之处，但核心受众不匹配。,https://www.gamer520.com/92203.html,
2026-06-14,PC,寂静之歌（Songs of Silence）,4X策略；回合制管理；自动战斗；英雄培养；奇幻,一款4X战略游戏，背景设定在受'寂静'威胁的奇幻世界，包含回合制王国管理、自动战斗和英雄培养。,3,可试,4X策略+王国管理有经营计算成分，自动战斗降低操作门槛，新艺术风格美术辨识度高，崎元仁配乐是加分项；但核心是战争扩张+战斗策略，缺乏叙事情感和生活气息牵引，两者相抵评为可试。,https://www.gamer520.com/77664.html,
2026-06-14,PC,颂钟长鸣（Bellwright）,动作；角色扮演；生存；策略；模拟；沙盒,一款中世纪背景的开放世界生存动作游戏，玩家从被诬陷的流亡者身份出发，通过建立领地、招募村民、指挥战斗来领导叛乱并揭开家族秘密。,2,不推荐,虽然有基地建设、资源管理和村庄经营等策略经营元素，但核心玩法以实时动作战斗、生存采集和部队指挥为主，战斗和刷刷刷成分重。叙事和人物被生存循环稀释，整体体验偏向动作生存而非叙事氛围或策略取舍，不符合口味。,https://www.gamer520.com/75694.html,
2026-06-13,Switch,风岚外传 Arashi Gaiden,动作；回合制；像素,回合制动作游戏，快速斩杀+传送链条等独特机械战斗,2,不推荐,纯回合制动作战斗为核心，缺少叙事和生活感,https://www.gamer520.com/115663.html,
2026-06-13,Switch,帕湾 Pawbay,休闲；探索；生活气息；可爱；合作,扮演顽皮小猫在宁静海滨小镇捣蛋探索，支持本地双人合作,4,推荐,生活气息浓、有趣形式扮演猫探索小镇、casual但有回味,https://www.gamer520.com/115661.html,
2026-06-13,Switch,奇物斋 Strange Antiquities,解谜；氛围；探索；小镇；经营,经营神秘文物商店，探索阴郁小镇，识别文物帮居民解决异常,4,推荐,有氛围、有探索、有经营元素，小镇生活感强,https://www.gamer520.com/115659.html,
2026-06-13,PC,消除吧！十二神姬退魔传,三消；肉鸽；二次元；策略,三消+Roguelike策略游戏，携手12位生肖娘抵御凶兽入侵,1,非常不推荐,二次元卖点+三消战斗，过度二次元不在口味内,https://www.gamer520.com/115643.html,
2026-06-13,PC,怪棋物语,肉鸽；自走棋；策略,肉鸽+自走棋魔堡冒险，招募佣兵搭配装备遗物,2,不推荐,肉鸽自走棋纯战斗为主，缺少叙事和氛围牵引,https://www.gamer520.com/115640.html,
2026-06-13,PC,獬豸 Guardians,动作；冒险；角色扮演；朝鲜题材,俯视角动作冒险，扮演世子与神兽獬豸净化堕落四方神,2,不推荐,动作战斗为主，核心是Boss挑战和技能构筑,https://www.gamer520.com/115637.html,
2026-06-13,Switch,黑夜刀锋幸存者 Night Swarm,类幸存者；吸血鬼；动作,吸血鬼题材类幸存者游戏，召唤魔仆军团收割敌人,1,非常不推荐,类幸存者游戏，用户口味明确排除此类,https://www.gamer520.com/114402.html,
2026-06-13,PC,觉醒者 战斗之潮,动作；刷宝；无双；奇幻,暗黑式刷宝割草ARPG，构筑装备流派面对怪物潮,1,非常不推荐,纯刷宝割草堆数值，重复刷刷刷，完全不符合口味,https://www.gamer520.com/113043.html,
2026-06-13,PC,恶魔牌,卡牌；肉鸽；策略；联机,以斗地主为灵感的卡牌策略肉鸽，支持联机对战,2,不推荐,传统卡牌战斗为核心，不在口味偏好内,https://www.gamer520.com/112615.html,
2026-06-13,PC,自动售货机模拟器,模拟经营；休闲；可爱,在城市中建立售货机事业，进货定价管理库存,2,不推荐,纯模拟经营机械流程，缺少人物事件和经营压力,https://www.gamer520.com/112408.html,
2026-06-13,PC,克鲁赛德战记 英雄之城,放置；RPG；经营；像素,治愈系桌面放置RPG，收集像素英雄打造中世纪小镇,2,不推荐,放置挂机类，自动战斗和数值成长为主,https://www.gamer520.com/111157.html,
2026-06-13,PC,桌面副本物语 放置好时光,放置；RPG；像素；自动战斗,桌面放置RPG，自动刷怪打宝升级，复古像素画风,2,不推荐,放置挂机+自动战斗，纯数值成长缺少体验核心,https://www.gamer520.com/109993.html,
2026-06-13,PC,绯夜传奇 重制版 Tales of Berseria Remastered,JRPG；叙事驱动；角色扮演；动作,Bandai Namco经典JRPG重制，主角薇尔贝特的复仇故事,2,不推荐,强叙事驱动、人物关系丰富、有情绪牵引力，动作战斗但故事优秀,https://www.gamer520.com/109471.html,"爽快战斗, 不喜欢"
2026-06-13,Switch,斯普拉遁3 Splatoon 3,射击；对战；多人,色彩缤纷的第三人称射击游戏，4v4涂地对战,1,非常不推荐,射击游戏为核心，用户晕3D/不玩射击,https://www.gamer520.com/107148.html,
2026-06-13,Switch,深空梦里人2 逐星之旅 Citizen Sleeper 2,叙事驱动；科幻；骰子系统；飞船经营；船员关系,续作驾驶飞船招募船员在逐星带接活谋生，更丰富策略和叙事体验,5,优先推荐,继承前作叙事驱动+骰子系统，新增飞船经营和船员管理,https://www.gamer520.com/104119.html,
2026-06-13,PC,月蚀危机 Lunar Eclipse,恐怖；解谜；探索；生存,探索黑暗地点解开谜题，战斗或躲避丧尸的恐怖冒险游戏,2,不推荐,有氛围和探索解谜元素，故事驱动，但丧尸战斗成分较高且抢先体验,https://www.gamer520.com/102291.html,"令人晕眩的3D, 纯粹的演出剧情, 恐惧元素, 不是我喜欢的方向"
2026-06-13,Switch,闪电十一人 英雄们的胜利之路 高级版,体育；RPG；收集；育成,超次元足球RPG系列最新作，收集培养5400+球员线上对战,2,不推荐,体育题材+收集养成，核心是足球竞技战斗,https://www.gamer520.com/102189.html,
2026-06-13,PC,刀剑江湖路,武侠；RPG；开放世界；横版战斗,武侠开放世界RPG，百万字剧情，横版即时战斗，沙盒玩法,1,非常不推荐,泛武侠题材，用户口味排斥修仙/武侠挂机战斗,https://www.gamer520.com/92315.html,
2026-06-13,PC,英雄立志传 三国志,三国；RPG；策略；沙盒,三国题材开放世界RPG，可扮演君主/武将/在野，自由改变历史,2,不推荐,三国题材数值养成为主，不符合口味偏好,https://www.gamer520.com/90550.html,
2026-06-13,Switch,凯蒂猫岛屿冒险 Hello Kitty Island,休闲；开放世界；收集；儿童,跟凯蒂猫一起探索神秘岛屿，交友解谜烹饪定制,2,不推荐,儿童向休闲游戏，与用户口味不匹配,https://www.gamer520.com/90178.html,
2026-06-13,Switch,深空梦里人 Citizen Sleeper,叙事驱动；科幻；骰子系统；氛围,在废弃空间站扮演逃亡仿生人，用骰子系统管理生存与关系的叙事RPG,5,优先推荐,极高叙事驱动、独特骰子体验引擎、人文关怀、氛围强烈,https://www.gamer520.com/71670.html,
2026-06-13,PC,星空 Starfield,角色扮演；科幻；探索；FPS,Bethesda开放世界太空RPG，探索星系、建造飞船、完成阵营任务,2,不推荐,第一人称射击为主，用户晕3D/晕射击，不推荐,https://www.gamer520.com/63932.html,
2026-06-13,PC,战国王朝 Sengoku Dynasty,开放世界；生存；建造；角色扮演,日本封建时代开放世界，建造村庄、战斗、发展经济,2,不推荐,开放世界生存建造+战斗，核心玩法偏动作和资源管理,https://www.gamer520.com/62982.html,
2026-06-13,Switch,异星探险家 ASTRONEER,探索；沙盒；建造；科幻,在异星探索挖掘建造基地，塑造地形发掘宇宙奥秘,3,可试,探索和创造力为主，但沙盒生存缺少叙事驱动,https://www.gamer520.com/26303.html,
2026-06-13,PC,圣女战旗 Banner of the Maid,策略；SRPG；历史；二次元,日式战棋SRPG，架空法国大革命时期扮演少女军官指挥军队,3,可试,有策略深度和历史氛围，但二次元画风和战棋玩法不在核心偏好内,https://www.gamer520.com/15146.html,
2026-06-13,Switch,异度之刃 决定版 Xenoblade Chronicles DE,JRPG；叙事驱动；探索；角色扮演,经典JRPG决定版，广阔世界探索人与机之争的深刻故事,4,推荐,强叙事驱动、广阔探索世界、有氛围和人物关系,https://www.gamer520.com/5079.html,
2026-06-12,Switch,美好旧时光 四宝冒险团大冒险 The Good Old Days,冒险；独立；像素；解谜,怀旧像素风冒险游戏，探索诡异洞穴营救朋友解锁多结局。,2,,普通像素平台冒险，信息有限无明显亮点。,https://www.gamer520.com/115589.html,
2026-06-12,Switch,法医 法医检验协议 FORENSIC M.E. Protocol,模拟；解谜；悬疑；调查；叙事,法医调查模拟游戏，使用科学工具分析物证破解9个悬疑案件。,4,"叙事驱动,氛围,创意",叙事驱动的调查模拟，法医题材独特，无压力解谜节奏，黑暗悬疑氛围到位。,https://www.gamer520.com/115583.html,
2026-06-12,Switch,一起开火车2 汽笛重鸣 Unrailed 2 Back on Track,休闲；模拟；合作；策略,多人合作铁路建造游戏，在随机世界中边铺轨边躲避火车追击。,2,,纯合作建造玩法驱动，多人合作游戏不在口味内。,https://www.gamer520.com/115576.html,
2026-06-12,Switch,衔尾 龙之铃 Dragon Loop,动作；冒险；类银河城；2D；时间循环,5天时间循环的类银河城游戏，快节奏战斗+BOSS变宠物+手绘世界。,2,不推荐,类银河城+时间循环机制有创意，2D手绘美术不错，但核心是动作战斗偏玩法驱动。,https://www.gamer520.com/115573.html,"壁画视角银河城, 爽快战斗, 不是我喜欢的方向"
2026-06-12,PC,桌上谈兵,策略；RTS；Roguelike；桌面战棋,桌面风格即时战略Roguelike游戏，招募雇佣兵团在随机战场上排兵布阵。,2,,纯RTS策略玩法，实时操作+排兵布阵，无叙事吸引力。,https://www.gamer520.com/115553.html,
2026-06-12,PC,沙滩防线 僵尸来袭,休闲；策略；塔防；弹幕射击；背包Like,回合制策略+弹幕射击+背包Like，在沙滩指挥士兵抵御僵尸。,2,,纯策略塔防玩法驱动，僵尸+弹幕射击不合口味。,https://www.gamer520.com/115549.html,
2026-06-12,PC,战法牧放置构筑,独立；角色扮演；策略；放置；挂机,双职业搭配Roguelike物品联动的放置挂机RPG，自动战斗构筑流派。,1,,纯放置挂机游戏，自动战斗刷资源，完全不符合口味。,https://www.gamer520.com/115543.html,
2026-06-12,PC,天门问剑,休闲；独立；角色扮演；策略；放置；武侠,放置武侠RPG，自动游历收集名剑功法命格，离线收益。,1,,武侠题材+放置挂机核心，双不符合偏好。,https://www.gamer520.com/115540.html,
2026-06-11,PC,时空迷踪,冒险；独立；点击式冒险；元叙事；解谜,福尔摩斯与华生为主角的元叙事点击式冒险游戏，穿越时间破解游戏世界离奇悬案。,4,"叙事驱动,氛围,创意",元叙事+福尔摩斯+时间旅行+点击式冒险，创意十足，幽默配音驱动体验，有独特的气质和趣味。,https://www.gamer520.com/115479.html,
2026-06-11,PC,节奏狂怒,动作；休闲；独立；音乐；弹幕,融合弹幕射击要素的节奏音乐游戏，用吉他击败愤怒的音符。,2,,纯反应操作的音乐弹幕游戏，节奏与射击结合虽有趣但核心是玩法驱动无叙事吸引力。,https://www.gamer520.com/115476.html,
2026-06-11,Switch,星霜钢机 斯特兰尼亚 EX Strania -The Stella,动作；街机；射击；STG,街机风格机器人横版动作射击游戏，EX强化版收录原版DLC。,1,,纯街机射击游戏，完全反应操作，不在口味内。,https://www.gamer520.com/115455.html,
2026-06-11,PC,泰坦防线2,动作；策略；塔防；FPS,RTS塔防与FPS战斗无缝混合，建造防线切换第一人称精准打击。,1,,包含FPS核心玩法，晕3D完全不考虑。,https://www.gamer520.com/115429.html,
2026-06-11,PC,福报修仙,动作；冒险；独立；角色扮演；卡牌策略,讽刺修仙题材Roguelike卡牌策略游戏，打工修仙2位主角111张卡牌。,1,,修仙题材+传统卡牌构筑战斗，双重不符合口味偏好。,https://www.gamer520.com/115415.html,
2026-06-11,PC,邪恶推币机,独立；模拟；Roguelite；心理恐怖,轻度Rogue推币机游戏，在黑暗酒吧中推币凑够三千万换取逃生钥匙。,2,,核心玩法是推币机机械操作，虽有多结局叙事和Rogue成长但主体玩法重复性高，不在口味内。,https://www.gamer520.com/115408.html,
2026-06-11,PC,进来 Come in,独立；恐怖；步行模拟,第一人称步行模拟恐怖游戏，约40分钟氛围恐怖体验。,1,,第一人称视角，晕3D完全不考虑。,https://www.gamer520.com/115405.html,
2026-06-11,PC,碎镜 Shardmirror,策略；抢先体验；卡牌构筑；Roguelike,中式妖异题材肉鸽卡牌构筑游戏，每张卡牌有正反两面，双轨地图。,2,,传统卡牌构筑战斗为核心，虽有两面卡牌和双轨地图等新颖机制，但主体玩法不在口味内。,https://www.gamer520.com/115401.html,
2026-06-11,PC,换命 Swap lives,独立；悬疑；解谜；叙事；中式志异,取材聊斋志异的中式悬疑解谜游戏，双视角切换收集线索破解人鬼阴谋。,4,"叙事驱动,氛围",叙事驱动+传统美学氛围+双视角叙事新颖，谜题与剧情深度绑定，人鬼妖共存的志异世界有独特气质。,https://www.gamer520.com/115393.html,
2026-06-09,PC,骑士镇魂曲,弹幕射击；硬核；动作；极简操作；地牢,极简操作硬核弹幕游戏，一个键躲避弹幕攻击，融合菲律宾恐怖传说与希腊神话元素的弹幕地狱。,1,非常不推荐,纯弹幕射击，纯反应操作，硬核动作挑战，完全不在口味范围内。,https://www.gamer520.com/115202.html,
2026-06-09,PC,炼狱幸存者 Purgatory Survivors,俯视角射击；Roguelike；弹幕地狱；黑暗奇幻；动作,俯视角射击Roguelike游戏，在恶魔深渊中对抗无休止的攻势，收集升级道具并战胜BOSS。,1,非常不推荐,纯战斗+刷刷刷+Roguelike动作射击，高度重复战斗，完全不在口味范围内。,https://www.gamer520.com/115196.html,
2026-06-09,PC,深夜拉面 Midnight Ramen,叙事驱动；模拟；对话；生活气息；烹饪,扮演深夜拉面摊老板，为顾客煮拉面、倾听他们的心事，在平凡日常中探索关于失去与希望的叙事对话游戏。,4,"叙事驱动,生活气息",叙事对话类，类似Coffee Talk/VA-11 Hall-A，有故事+情绪+人物+日常经营（煮拉面），生活气息浓厚，贴近口味。,https://www.gamer520.com/115195.html,
2026-06-09,PC,花艺师普妮 Puni the Florist,模拟经营；温馨；故事驱动；生活模拟,经营一家神奇花店，与小花仙子一起设计花束、满足镇民委托、结交朋友，体验温馨疗愈的自我发现之旅。,4,"生活模拟/经营,叙事驱动",模拟经营+温馨叙事+生活气息，花店经营有资源取舍（花材组合），镇民故事有情绪牵引，美术可爱氛围轻松，整体贴合口味。,https://www.gamer520.com/115185.html,
2026-06-09,PC,夏夜的魔法门 追光者,视觉小说；角色扮演；叙事；青春；校园,青春梦想题材视觉小说+RPG，走进7名少年少女的人生，分数争夺战斗系统改写命运。,4,"叙事驱动,新颖的形式",叙事驱动的青春校园故事，7角色各异人生线，独特的分数争夺RPG系统与校园主题融合紧密，有生活气息和情绪牵引。,https://www.gamer520.com/115180.html,
2026-06-09,PC,长安首富模拟器,模拟；经营；策略；生活模拟；开放世界,古风开放世界经商模拟，贸易、置业、钱庄、仕途多线发展，从布衣成长为富甲一方的传奇。,4,"模拟/策略,生活气息",经商经营+资源取舍+宅邸建造+人物关系，有生活气息和经营压力，策略选择和计算贴合口味。,https://www.gamer520.com/115178.html,
2026-06-09,PC,艾特尔 神祇之路,策略；4X；回合战略；角色扮演,4X回合策略游戏，扮演巫师研习咒术、征服敌人、飞升成神，多种胜利方式与背叛机制。,4,模拟/策略,4X策略+资源管理+城市建造+外交背叛，策略选择和经营计算贴合口味，氛围和神祇主题有辨识度。,https://www.gamer520.com/115175.html,
2026-06-09,PC,深入绝地,策略；回合制战术；角色扮演；奇幻,桌游改编合作策略RPG，8位英雄探索20座地城，回合制战术战斗对抗黑暗势力。,2,,核心是传统回合制战术战斗，不符合口味偏好；桌游改编和合作要素虽有趣但不足以抵消战斗主体的排斥。,https://www.gamer520.com/115173.html,
2026-06-09,PC,乌龙探案,视觉小说；冒险；喜剧；推理；指向点击,搞笑侦探视觉小说，名侦探南子100%推理错误却总能破案，23话剧情+二周目反转+100+BAD END。,4,"叙事驱动,独立",叙事驱动+幽默+情感伏笔+二周目真相换人，形式新颖(100+BAD END是隐藏奖励)，有独特气质和情绪牵引。,https://www.gamer520.com/115163.html,
2026-06-09,PC,秋叶原盲盒店模拟器,模拟；管理；经济；收集；休闲,秋叶原盲盒店经营模拟，进货定价收集手办，打造二次元扭蛋帝国。,2,,纯模拟经营+二次元收集核心，缺少人物事件和叙事牵引，主要卖点是收集和盲盒机制，不在口味内。,https://www.gamer520.com/115160.html,
2026-06-09,PC,太阳朋克 浮岛家园,冒险；独立；模拟；生存；建造,Solarpunk生存建造游戏，浮空岛屿上建造基地、种植食物、自动化生产、驾驶飞船探索。,4,"模拟/策略,探索",基地建造+能源管理+自动化+飞行探索，有经营压力和创造空间，Solarpunk美术风格独特，适合casual建造体验。,https://www.gamer520.com/115155.html,
2026-06-09,PC,神之军火,动作；Roguelite；俯视角射击；自动射击,俯视角Roguelite自动射击游戏，最多同时装备5种武器，穿越60个关卡拯救世界。,4,"刷刷刷,俯视角射击",俯视角Roguelite自动射击，同时装备5种武器追求极致火力，多角色多武器多融合 Build 丰富，适合刷刷刷解压。,https://www.gamer520.com/115145.html,
2026-06-09,PC,罪业烙印,动作；角色扮演；类魂；黑暗奇幻,类魂动作游戏，诅咒中起身探索迷雾边缘之地，法术符文搭配，死亡成长循环。,1,非常不推荐,类魂战斗为核心（闪避硬直、死亡惩罚循环），属于不喜欢的纯反应操作类型，通常不推荐,https://www.gamer520.com/115141.html,
2026-06-09,PC,Crawl Tactics,策略；回合制；Roguelike；角色扮演,回合制战术RPG+类Roguelike，程序生成地牢探索+村庄建设+雇佣兵培养。,4,"模拟/策略,独立",深度回合制SRPG，高低差/地形/天气等战术要素丰富，程序生成地牢+Roguelike成长+村庄建设，策略玩家值得一试。,https://www.gamer520.com/115129.html,
2026-06-09,PC,Sands of Aura,动作；冒险；开放世界；类魂,开放世界类魂动作冒险，驾驶沙船航行沙海探索岛屿，经典黑魂玩法+交响乐配乐。,4,"魂系类及类魂,开放世界",开放世界+类魂玩法，沙船航海探索岛屿、多种武器铸造、同伴系统，融合探索与硬核战斗。,https://www.gamer520.com/115116.html,
2026-06-09,Switch,最终反抗 Underling Uprising,动作；清版过关；合作,90年代动画风清版过关游戏，向创造你的疯狂科学家复仇，4人合作。,1,,纯清版过关动作游戏，核心是高强度操作和反应战斗，完全不符合口味偏好。,https://www.gamer520.com/113541.html,
2026-06-09,Switch,歪小子斯科特 EX Scott Pilgrim EX,动作；清版过关；合作,Scott Pilgrim主题清版过关动作游戏，7角色可选，4人合作战斗。,1,,纯清版过关动作游戏，核心是高强度操作和连招反应，完全不符合口味偏好。,https://www.gamer520.com/109669.html,
2026-06-09,Switch,甘露岛 温馨的农场商店,模拟；生活模拟；农场；经营；休闲,温馨农场商店模拟游戏，种植养殖开店销售，与森林居民建立关系，没有时间限制的轻松体验。,4,"生活气息,casual",刻意设计得简单温馨的农场经营，有动物照料、人物关系、商店经营压力，无时间限制适合短时游玩，贴合casual但不空和生活气息。,https://www.gamer520.com/89774.html,
2026-06-08,Switch,蝙蝠侠 三部合集,"动作,冒险",Switch版阿卡姆三部曲合集，含全部DLC,4,"开放世界,动作,叙事驱动",经典三部曲合集，Switch版便携但画质妥协,https://www.gamer520.com/115113.html,
2026-06-08,PC,阎罗索命,"冒险,独立,角色扮演",古风悬疑探案文字冒险，北宋国子监连环命案,2,,古风文字冒险非偏好类型,https://www.gamer520.com/115109.html,
2026-06-08,PC,东方侵蚀 堕落的乐园巫女,"动作,角色扮演",东方Project同人，Survivors-like弹幕生存动作游戏,3,"刷刷刷,独立",东方弹幕+幸存者like可尝试,https://www.gamer520.com/115107.html,
2026-06-08,Switch,尖塔爆破 Spire Blast,益智；物理；解谜,物理益智游戏，发射彩色投影机触发链条反应推倒尖塔。,1,非常不推荐,纯物理益智解谜游戏，无叙事、氛围或情感体验，不在口味范围内。,https://www.gamer520.com/115098.html,
2026-06-08,Switch,蛋落伤害 Fowl Damage,平台跳跃；解谜；动作,益智平台游戏，通过管理跳跃和坠落伤害穿越关卡，包含BOSS战。,1,非常不推荐,平台跳跃+操作挑战为核心，口味中明确不偏好纯反应动作/操作挑战类型。,https://www.gamer520.com/115096.html,
2026-06-08,PC,宝石少女 2nd.cut:For the Exquisite Attire,冒险；视觉小说；叙事；日系,郁系视觉小说，宝石技师少年与失忆少女的纯爱故事，围绕魔女审判展开。,3,可试,有故事、有情绪、有禁断之爱的氛围感，叙事驱动，但日系二次元视觉小说风格不在核心偏好内，可试玩感受。,https://www.gamer520.com/115076.html,否，纯视觉小说
2026-06-08,PC,断指默示录,策略；骰子；Roguelike；黑暗,骰子扑克策略游戏，以断指为赌注与恶魔赌局对决，roguelike要素。,2,不推荐,核心是骰子扑克牌型对决+策略Roguelike，有黑暗氛围但主要乐趣来自牌型策略和数值对决，缺少叙事和生活感。,https://www.gamer520.com/115066.html,
2026-06-08,PC,图书管理员 整理魔法图书馆吧 Librarian Tidy Up the Arcane Library,模拟；整理；沉浸；策略,第一人称整理模拟游戏，将散落的3072本书归位到魔法图书馆，解锁魔法技能提升效率。,3,可试,形式新颖的整理模拟，沉浸式图书馆氛围随进度变化，有策略性（技能搭配提升效率），独特体验引擎。,https://www.gamer520.com/112962.html,
2026-06-08,PC,异世界冒险者公会 Isekai Adventurer Guild,SRPG；Roguelite；日系；战斗,培养异世界冒险者并组队冒险的SRPG类Roguelite游戏，接取委托完成任务。,1,非常不推荐,核心是SRPG战斗+培养Roguelite，日系异世界题材战斗为主，缺少叙事和生活感。,https://www.gamer520.com/105334.html,
2026-06-08,PC,息风谷战略,武侠；战略RPG；经营；回合制,武侠题材地域压制型战略RPG，经营门派、招贤纳士、回合制战斗、探索剧情。,2,不推荐,武侠题材战略RPG，有剧情和经营要素但核心是回合制战斗+地域压制策略，回合战斗不在偏好内。,https://www.gamer520.com/105266.html,
2026-06-08,PC,打骨折超市日记 支持者版 Discounty,模拟；经营；社区；叙事,超市经营模拟游戏，管理库存、设计店铺、与当地人交往并揭开小镇秘密。,3,可试,超市经营模拟有社区关系、人物事件和小镇秘密，有经营压力，不算纯机械流程，可试玩。,https://www.gamer520.com/98278.html,
2026-06-08,PC,节奏魔女 舞动的骷髅,音乐节奏；幸存者；动作,类幸存者+音乐节奏游戏，跟随节拍打击敌人，解锁技能流派。,1,非常不推荐,纯动作+节奏操作+类幸存者割草，核心是反应速度和操作，完全不在口味内。,https://www.gamer520.com/92555.html,
2026-06-08,Switch,舒适森林 Cozy Grove,生活模拟；休闲；叙事；收集,闹鬼岛屿生活模拟游戏，帮助幽灵、探索故事、收集制作装饰。,3,可试,生活模拟但有角色故事和日常探索感，每个幽灵有独特故事，手绘美术，Cozy氛围。,https://www.gamer520.com/18249.html,玩过，已收录到有意思中。
2026-06-07,PC,财富磨坊 Fortune Mill,增量；休闲；自动化,增量点击游戏，在房间中投掷飞镖、刮彩票赚钱解锁自动化，赚到100万逃出房间。,1,非常不推荐,纯增量数值游戏，主要乐趣来自数值增长和自动化效率提升，缺少叙事、氛围和情境体验，不符合口味。,https://www.gamer520.com/114754.html,
2026-06-07,PC,色系战记,卡牌构筑；Roguelike；回合策略,融合涂地地盘争夺的Roguelike卡牌构筑游戏，通过卡牌范围抢占领地颜色。,2,不推荐,涂地玩法有一定创新，但本质是传统卡牌构筑+Roguelike回合制战斗，卡牌战斗不在核心口味内。,https://www.gamer520.com/113102.html,
2026-06-07,PC,沙盘战争 三国,策略；模拟；三国；大战略,三国题材战略模拟游戏，管理城池内政军政、招募武将、攻城略地统一天下。,2,不推荐,三国题材策略模拟，有内政管理和资源取舍要素，但纯大战略/战争类型，缺少叙事和生活气息，不在核心口味内。,https://www.gamer520.com/112481.html,
2026-06-06,PC,杀手精神病兔子在太空新星拓荒,科幻；弹幕射击；Roguelite；基地建设；RTS,在异星战场上融合弹幕肉鸽射击与基地建设即时战略，高速走位割草并建造防御网。,1,非常不推荐,核心是弹幕射击和高速动作战斗，不符合你的偏好。,https://www.gamer520.com/114951.html,
2026-06-06,PC,吾皇万岁,皇帝模拟；治理；策略；多结局；家族,穿越为古代新君治理国家、纳妃育嗣、选贤任能、征战四方，代代传承打造盛世王朝。,3,可试,皇帝治理模拟、NPC家族关系和政策决策系统有研究价值；但偏向策略管理和长线运营。,https://www.gamer520.com/114949.html,
2026-06-06,PC,灰烬王国 陨落纪元 Kingdom of Ashes,Roguelike；卡牌构筑；元素连锁；策略,单人Roguelike卡组构建游戏，抽取卡牌连锁元素共鸣穿越程序化地图挑战八位英雄的飞升之途。,1,非常不推荐,核心是传统Roguelike卡牌构筑和回合战斗，属于你通常兴趣较低的类型。,https://www.gamer520.com/114946.html,
2026-06-06,PC,山河小侠,武侠；回合制RPG；开放世界；多结局；群侠,扮演无名侠客在开放武侠世界中修炼武功、结交挚友、参与国家大事，在回合对决中铸就江湖传奇。,2,不推荐,有剧情和关系系统但核心是回合制战斗和武学修炼循环，战斗占比偏高。,https://www.gamer520.com/114943.html,
2026-06-06,PC,哥特王朝 重制版 Gothic Remake,动作RPG；开放世界；重制版；奇幻；探索,重返采矿之谷的传奇开放世界RPG重制版，探索动态世界并与三大派系结盟决定命运。,1,非常不推荐,核心是动作RPG战斗和高强度操作挑战，战斗和探索比重极高不符合你的偏好。,https://www.gamer520.com/114933.html,
2026-06-06,PC,梦幻魔法公主,美少女养成；模拟；多结局；二次元,扮演父亲将女儿养大至魔导学园毕业的170+互动事件和50+多结局美少女养成游戏。,1,非常不推荐,核心卖点是二次元美少女养成和角色互动，与已排除的二次元过度卖点高度重合。,https://www.gamer520.com/112551.html,
2026-06-06,PC,生化危机9 安魂曲 Resident Evil 9 Requiem,生存恐怖；第三人称射击；里昂；解谜,与里昂和FBI分析员葛蕾斯在拉昆市展开双角色生存恐怖冒险，战斗解谜并管理有限资源。,1,非常不推荐,核心是生存恐怖射击战斗和资源管理，且有FPS选项与晕3D完全不玩的立场冲突。,https://www.gamer520.com/109515.html,
2026-06-06,PC,仁王 3 Nioh 3,动作RPG；类魂；战国；武士；忍者,在黑暗战国世界中自由切换武士与忍者战斗风格，在高强度动作挑战中对抗妖怪。,1,非常不推荐,核心是高强度类魂动作战斗和操作挑战，不符合你的偏好。,https://www.gamer520.com/106845.html,
2026-06-06,PC,学生时代,校园养成；90年代；叙事驱动；多结局；MBTI,在南方小城经历纯正中国千禧代成长之路，自选性别结识同学谈一场青春恋爱，抉择决定未来。,3,可试,校园生活叙事驱动、90年代中国青春氛围和MBTI人格运用有参考价值；但偏养成模拟日常。,https://www.gamer520.com/92448.html,
2026-06-06,PC,深渊之印 Mark of the Deep,动作冒险；海盗；类魂；探索；多结局,扮演海盗菜鸟刘琦在受诅咒岛屿上探索并拯救失踪船员，面对魂系战斗挑战和多结局抉择。,1,非常不推荐,核心是魂系动作战斗和操作挑战，不符合你的偏好。,https://www.gamer520.com/87774.html,
2026-06-06,PC,暗黑破坏神2 狱火重生 重制炼狱版 Diablo II Resurrected Infernal Forge,动作RPG；砍杀；刷装备；MOD；联机,经典ARPG重制版含毁灭之王及术士君临MOD扩展，8大职业200+技能联机刷装。,1,非常不推荐,核心是ARPG刷装砍杀和数值成长循环，与你明确不喜欢的元素高度重合。,https://www.gamer520.com/22679.html,
2026-06-05,PC,魔女 终末旅途,卡牌构筑；类Rogue；日系角色扮演；多人合作,组建魔女小队在卡牌构筑Roguelite战斗中自定义卡牌和命运，为世界送上终焉之旅。,1,非常不推荐,核心是卡牌构筑Roguelite和重复刷局，属于你通常兴趣较低的类型。,https://www.gamer520.com/114890.html,
2026-06-05,PC,再见犹丽狄茜,视觉小说；恋爱模拟；校园青春；音乐；GalGame,高三艺考生李莫在低谷期遇到自称犹丽狄茜的古怪少女，体验校园青春恋爱故事。,1,非常不推荐,属于校园恋爱GalGame，二次元恋爱卖点不符合你的偏好。,https://www.gamer520.com/114888.html,
2026-06-05,Switch,世界大战 诺曼底登陆 1944 World War D-Day 1944,第一人称射击；二战；战争；单人战役,在诺曼底登陆战中体验第一人称射击战斗，从海滩两栖攻击到空降作战。,1,非常不推荐,明确为第一人称射击游戏，与晕3D完全不玩的立场冲突。,https://www.gamer520.com/114881.html,
2026-06-05,Switch,消失的列车 The Vanishing Train,心理恐怖；第一人称；火车模拟；日本；多结局,担任日本本地线路火车售票员，在神秘事件中体验第一人称心理恐怖故事。,1,非常不推荐,第一人称恐怖游戏，心理恐怖和火车司机模拟不贴合你的偏好。,https://www.gamer520.com/114879.html,
2026-06-05,PC,房产达人 重制版合集 House Flipper Remastered Collection,模拟；装修；建造；经营；重制合集,成为装修达人，翻新破败房产、完成客户订单并打造梦想居所的重制版合集。,1,非常不推荐,核心是模拟装修流程操作，缺少叙事和策略取舍。,https://www.gamer520.com/114830.html,
2026-06-05,PC,"战锤 40,000 机师2 Warhammer 40,000 Mechanicus II",回合制战术；策略管理；战锤40K；科幻；战役,指挥机械修会或太空死灵阵营，在快节奏回合制战术战斗和战略管理中争夺世界的控制权。,2,不推荐,有战锤世界观和战略管理要素，但核心是回合制战术战斗，玩法偏策略对抗。,https://www.gamer520.com/114033.html,
2026-06-05,PC,王国历史 三国志,策略；大战略；三国；即时战略；历史,以三国为背景的半即时战略游戏，割据一方、扩张领土并统一天下。,1,非常不推荐,核心是即时战略战斗和势力扩张，属于你明确不喜欢的类型。,https://www.gamer520.com/113500.html,
2026-06-05,Switch,终末机兵 NITRO GEN OMEGA,沙盒战术；回合制RPG；机甲；废土；队员培养,指挥雇佣兵小队驾驶机甲穿越废土，在时序回合制战斗中编排电影式战斗，培养队员情谊。,2,不推荐,有队员培养和世界探索，但核心是回合制战术战斗。,https://www.gamer520.com/113434.html,
2026-06-05,PC,星砂岛,田园生活；海岛；经营；探索；休闲,在星砂岛上回归田园生活，种植、养殖、建造家园、结识岛民并探索岛屿秘密。,3,可试,田园生活、经营建造和岛民关系有生活气息，但偏模拟经营日常。,https://www.gamer520.com/108595.html,
2026-06-05,PC,龙胤立志传,武侠；开放世界；门派经营；RPG；战斗,在神州大地自由探索、修炼武功、经营门派并攻城略地，谱写武林传奇。,1,非常不推荐,核心是武侠开放世界战斗和门派经营，不符合你的偏好。,https://www.gamer520.com/104670.html,
2026-06-05,PC,受折磨的灵魂2 Tormented Souls 2,生存恐怖；解谜；固定视角；女主人公；邪教,卡洛琳前往智利深山诊所解救妹妹，在固定视角生存恐怖中解谜、战斗并穿梭现实与彼界。,2,不推荐,有解谜和恐怖氛围，但核心是生存恐怖战斗和惊吓体验。,https://www.gamer520.com/101195.html,
2026-06-05,Switch,折言 And Roger,互动声画读物；心理恐怖；短篇叙事；认知畸变,少女醒来后发现父亲失踪，陌生男子逼迫她服药，玩家通过角色视点体验认知畸变的短篇互动故事。,3,可试,叙事驱动、短篇互动声画形式新颖，气氛营造有辨识度。,https://www.gamer520.com/96731.html,
2026-06-05,PC,深空七号 Deep Space 7,第三人称射击；恐怖；解谜；太空站；生存,在太空站中面对恐怖怪物，克服补给不足并解谜逃生。,1,非常不推荐,核心是第三人称射击和恐怖生存战斗，不符合你的偏好。,https://www.gamer520.com/92047.html,
2026-06-05,PC,刀剑神域 碎梦边境 SWORD ART ONLINE Fractured Daydream,动作；多人共斗；动漫改编；JRPG；联机,桐人与系列21名角色穿越记忆联手，在最多20人联机的动作共斗中迎战强敌。,1,非常不推荐,核心是在线动作共斗战斗，不符合你的偏好。,https://www.gamer520.com/82628.html,
2026-06-05,PC,电竞教父,电竞管理；MOBA；卡牌；经营模拟；策略,扮演电竞教练组建战队，通过BP博弈、卡牌指挥和选手培养争夺冠军。,2,不推荐,有管理策略要素，但核心是电竞经营模拟和卡牌对战，偏离你的叙事偏好。,https://www.gamer520.com/77165.html,
2026-06-05,Switch,迪士尼梦幻星谷 Disney Dreamlight Valley,生活模拟；冒险；迪士尼；社区建设；任务,在充满迪士尼魔法的世界中探索剧情，与英雄和反派一起打造社区。,2,不推荐,生活模拟有氛围，但核心是迪士尼IP社区建设和任务，偏向收集和装饰。,https://www.gamer520.com/41011.html,
2026-06-05,PC,征服之歌 Songs of Conquest,回合策略；90年代经典；四大阵营；探索；城镇建设,领导行使者魔法师探索未知土地，管理城镇、研发科技并在回合制战斗中征服世界。,2,不推荐,有城镇管理和探索要素，但核心是回合制策略战斗，类型偏传统。,https://www.gamer520.com/31091.html,
2026-06-05,PC,十字军之王3 Crusader Kings III,大战略；中世纪；王朝管理；角色扮演；战争,在中世纪沙盒中引领贵族家族，通过联姻、计谋和战争扩张势力，决定王朝的命运。,2,不推荐,有角色扮演和人物关系，但核心是大战略战争和宏观管理，叙事牵引较弱。,https://www.gamer520.com/12487.html,
2026-06-04,PC,血色西部,潜行；第一人称射击；克苏鲁；西部；开放世界,西部荒野中融合克苏鲁恐怖元素的第一人称潜行射击游戏,1,非常不推荐,明确为第一人称射击游戏，与晕3D完全不玩的立场冲突,https://www.gamer520.com/114825.html,
2026-06-04,PC,Remorses,恐怖；巫术；解谜；生存；潜行,1991年调查韦斯特布鲁克宅邸巫术传闻的慢节奏恐怖解谜游戏,3,可试,慢节奏恐怖解谜叙事体验，气氛营造和谜题设计有参考价值,https://www.gamer520.com/114820.html,
2026-06-04,PC,难忘的爱 Unforgettable Love,模拟；恋爱模拟；生活模拟；沉浸式模拟；全动态影像,失忆主角在五位女性陪伴下通过对话与策略成长拼凑过去的沉浸式恋爱模拟游戏,1,非常不推荐,属于《完蛋！我被美女包围了！》式国产真人恋爱模拟影游，主要卖点是美女暧昧互动而非实质叙事，已明确排除,https://www.gamer520.com/114818.html,
2026-06-04,PC,自动梭哈 Slots & Diapers,自动博弈；老虎机；放置；概率,自动拉老虎机的放置博弈游戏，通过概率和升级获得收益。,1,非常不推荐,核心是自动概率博弈和数值成长，与你明确不喜欢的元素高度重合。,https://www.gamer520.com/114786.html,
2026-06-04,PC,孤胆少女,俯视角射击；丧尸；生存；血腥；动作,在末世军事基地中扮演孤胆少女，用各种枪械对抗蜂拥而来的异形和畸变怪物。,1,非常不推荐,核心是俯视角射击和丧尸潮动作战斗，与你明确不喜欢的元素高度重合。,https://www.gamer520.com/114784.html,
2026-06-04,PC,欧皇VS非酋,抽卡；概率；运气；策略；休闲,在欧皇与非酋的对决中依靠抽卡运气和策略博弈取胜。,1,非常不推荐,核心是概率抽卡和运气博弈，缺乏叙事和实质策略，不符合你的偏好。,https://www.gamer520.com/114782.html,
2026-06-04,PC,疯狂前哨,生存；塔防；基地建设；防御,在疯狂的世界中建设前哨据点，通过防御工事和资源管理抵御敌人进攻。,1,非常不推荐,核心是生存塔防和基地防御，不符合你的偏好。,https://www.gamer520.com/114779.html,
2026-06-04,PC/Switch,热血西游记 天竺奇谭,动作Rogue；热血系列；西游记；像素；喜剧,扮演国夫版孙悟空、猪八戒等角色，在Roguelite关卡中随机获得妙法强化技能，一路战斗前往天竺的热血喜剧动作冒险。,1,非常不推荐,核心是动作Rogue战斗和清版闯关，与你明确不喜欢的元素高度重合。,https://www.gamer520.com/114748.html,
2026-06-04,PC,醉意江湖 武松,武侠；动作；水浒；打斗；江湖,扮演武松在水浒世界中闯荡江湖，通过战斗和选择推进故事。,1,非常不推荐,核心是武侠动作战斗，不符合你的偏好。,https://www.gamer520.com/112905.html,
2026-06-04,PC,妖谈2 九尾异闻,塔防；即时战术；中度Rogue；解谜；中日神话,在六边形地图上战略部署单位守护领地，探索中日神话融合的世界，收集神明赐福强化队伍。,1,非常不推荐,核心是塔防和即时战术战斗，虽然有神话故事包装但玩法完全脱离你的偏好。,https://www.gamer520.com/112455.html,
2026-06-04,Switch,黑暗拍卖 Dark Auction,推理冒险；神秘拍卖；解谜；叙事驱动；悬疑,主角诺亚参加古堡中的神秘拍卖会，与参与者共同解开拍卖品之谜，同时发掘父亲隐藏的巨大秘密。正统推理冒险游戏。,4,推荐,正统推理冒险、拍卖会谜团、古堡悬疑氛围、叙事驱动，高度贴合你的推理和叙事偏好。,https://www.gamer520.com/105823.html,否，纯文字叙事，点击冒险，推理
2026-06-04,PC,天朝上国,策略；历史；古代中国；模拟经营；王国管理,扮演古代中国统治者，管理国家内政、军事、外交和文化发展。,2,不推荐,国家经营管理有策略要素，但核心偏向宏观策略模拟，缺乏人物叙事和具体情境。,https://www.gamer520.com/99874.html,
2026-06-04,PC,最终幻想7 重生 FINAL FANTASY VII REBIRTH,JRPG；动作RPG；奇幻；剧情；经典重制,克劳德一行离开米德加后踏入广阔世界，在剧情驱动下探索、战斗并追猎萨菲罗斯的全新旅程。,1,非常不推荐,虽然故事驱动，但核心是动作RPG战斗和操作挑战，不符合你的偏好。,https://www.gamer520.com/89212.html,
2026-06-04,Switch,地心护核者 Core Keeper,沙盒生存；挖矿；基地建设；探索；多人,在地下世界中挖掘资源、建设基地、击败怪物并逐步探索核心秘密的沙盒生存游戏。,2,不推荐,有探索和建设循环，但核心是挖矿生存沙盒，叙事密度有限且偏向长线采集建造。,https://www.gamer520.com/83617.html,
2026-06-04,PC,哈迪斯2 Hades II,动作Roguelike；希腊神话；高速战斗；Build构筑；剧情,扮演冥界公主墨利诺厄，使用多种武器和法术反复挑战冥界，在高速战斗和剧情推进中逐渐揭开时间之神的阴谋。,1,非常不推荐,虽然有剧情叙事，但核心是高速动作Roguelike战斗和Build构筑循环，不符合你的偏好。,https://www.gamer520.com/75506.html,
2026-06-04,PC,流放者柯南 Conan Exiles,生存；建造；开放世界；野蛮人；沙盒,在蛮王柯南的开放世界中生存、建造、征服，从无名流放者成长为一方霸主。,2,不推荐,有世界氛围和建造探索，但核心是生存沙盒和战斗循环，叙事密度有限。,https://www.gamer520.com/69881.html,
2026-06-04,PC,帝国时代2 决定版 Age of Empires II Definitive Edition,RTS；历史；策略；战役；即时战斗,指挥文明从黑暗时代发展到帝王时代，通过资源采集、基地建设和战斗征服对手。,1,非常不推荐,核心是即时战略战斗和资源管理，与你明确不喜欢的类型高度重合。,https://www.gamer520.com/40759.html,
2026-06-03,PC,TBH 塔斯克巴·英雄,放置RPG；像素；挂机；自动战斗；迷你窗口,在屏幕角落运行的迷你放置RPG，像素勇者自动收集道具、战斗成长，在工作间隙体验砍杀乐趣。,1,非常不推荐,核心是放置挂机和自动数值成长，与你明确不喜欢的元素高度重合。,https://www.gamer520.com/114742.html,
2026-06-03,Switch,魔导物语 菲婭与奇妙的学校,JRPG；魔法学校；冒险；战斗；日式,在魔法学校中学习魔法、结交朋友并展开奇幻冒险。,1,非常不推荐,核心是JRPG战斗和日式角色养成，不符合你的偏好。,https://www.gamer520.com/114738.html,
2026-06-03,Switch,波比玩乐时光 第五章 Poppy Playtime Chapter 5,恐怖；解谜；逃亡；第一人称；惊悚,在第一人称恐怖视角下探索废弃玩具工厂，躲避恐怖玩偶追杀并解开谜团。系列第五章。,1,非常不推荐,核心是恐怖逃亡和解谜惊吓，不符合你的偏好。,https://www.gamer520.com/114398.html,
2026-06-03,PC,巴萨卡狂潮,动作；狂战士；战斗；砍杀,扮演狂战士在战场上横冲直撞，以狂乱战斗风格击倒一切敌人。,1,非常不推荐,核心是狂战士动作砍杀，不符合你的偏好。,https://www.gamer520.com/114057.html,
2026-06-03,PC,神探杰克鼠 MOUSE P.I. For Hire,FPS；卡通渲染；侦探；1930年代；黑色电影；复古,扮演私家侦探杰克·佩珀，在1930年代手绘卡通风格的鼠城中，通过快节奏第一人称射击战斗揭开腐败与阴谋的真相。,1,非常不推荐,第一人称射击游戏，晕3D完全不玩。且核心是快节奏射击战斗，与你明确不玩的方向高度重合。,https://www.gamer520.com/111913.html,
2026-06-03,PC,浣熊推币机,街机；推币；休闲；模拟,模拟街机推币机玩法，通过投掷硬币推落奖品和奖励。,1,非常不推荐,核心是街机推币模拟，缺乏叙事和策略，不符合你的偏好。,https://www.gamer520.com/111179.html,
2026-06-03,PC,星际裂变,科幻；动作；太空；战斗,在星际间展开战斗和探索，通过太空作战推进剧情。,1,非常不推荐,核心是太空动作战斗，不符合你的偏好。,https://www.gamer520.com/104792.html,
2026-06-03,PC,今古群侠传,武侠；RPG；战斗；江湖,在广阔的武侠世界中招募群侠、修炼武功、闯荡江湖。,1,非常不推荐,核心是武侠战斗和角色成长，不符合你的偏好。,https://www.gamer520.com/104746.html,
2026-06-03,Switch,鸭鸭侦探 Duck Detective,推理；侦探；轻松；解谜；叙事,扮演倒霉的鸭子侦探，调查案情、审问嫌疑人并运用独特的鸭子式推理揭开谜团。包含两个独立案件。,3,可试,轻松推理侦探游戏，叙事驱动、角色可爱，但体量较小、谜题相对浅显，适合轻量体验。,https://www.gamer520.com/103058.html,已游玩，画面清新明媚，经典的点击-收集线索-推进故事。看到它让我理解了什么是一个好的游戏（florence），florence的游戏结构也是收集-推进，但从不会让人感到模式的重复，它的谜题和动作和游戏情景高度融合，和生活相仿，并产生情感上的感触，它还有一个让人记忆深刻的故事和艺术化的风格。
2026-06-03,Switch,LoveR Kiss 无尽回忆,恋爱；摄影；校园；日式；视觉小说,以校园摄影社团为背景，通过拍摄照片和与女主角互动发展恋爱关系的日式视觉小说。,1,非常不推荐,核心是恋爱互动和二次元卖点，不符合你的偏好。,https://www.gamer520.com/102934.html,
2026-06-03,PC,无用之人 登神长阶,动作；RPG；战斗；阶梯挑战；魂like,扮演无用之人登上漫长阶梯，在战斗中不断成长并获得神灵之力。,1,非常不推荐,核心是动作战斗挑战，不符合你的偏好。,https://www.gamer520.com/102533.html,
2026-06-03,PC,百日战纪 最终防卫学园,ADV；SRPG；小高和刚；打越钢太郎；多结局；叙事驱动；防卫战,小高和刚与打越钢太郎联手打造的ADV+SRPG新作。15名学生被召集至最终防卫学园，必须在100天内抵御侵校生入侵。多重结局由你的选择决定，包含防卫战SRPG和自由探索环节。,4,推荐,小高和刚（弹丸论破）与打越钢太郎（极限脱出）强强联手，叙事驱动、多重结局、选择导向，高度贴合你的口味。,https://www.gamer520.com/91819.html,否，传统战棋
2026-06-03,PC,钢铁之种 Steel Seed,动作；潜行；科幻；战斗,在后末日世界中进行潜行和战斗，探索废墟并揭开灾难背后的真相。,1,非常不推荐,核心是动作潜行战斗，不符合你的偏好。,https://www.gamer520.com/91725.html,
2026-06-03,PC,勇闯死人谷 暗黑之日,丧尸；射击；生存；动作；跑酷,在丧尸末日中狂奔穿梭，通过跑酷和射击在尸潮中生存并寻找安全出路。,1,非常不推荐,核心是丧尸射击和跑酷动作，不符合你的偏好。,https://www.gamer520.com/91135.html,
2026-06-03,Switch,蝙蝠侠 阿卡姆骑士 Batman Arkham Knight,动作；超级英雄；战斗；潜行；开放世界,扮演蝙蝠侠在高谭市打击犯罪，运用格斗技巧和潜行击败哥谭的犯罪势力。,1,非常不推荐,核心是高强度动作格斗和潜行战斗，不符合你的偏好。,https://www.gamer520.com/68691.html,
2026-06-03,Switch,西瓜游戏 合成大西瓜,休闲；益智；物理；堆叠；解压,将水果投入容器中，让相同水果碰撞合成更大的水果，最终合成大西瓜的休闲物理益智游戏。,1,非常不推荐,核心是休闲物理益智，缺乏叙事和策略深度，不符合你的偏好。,https://www.gamer520.com/66897.html,
2026-06-03,PC,僵尸毁灭工程 Project Zomboid,丧尸；生存；沙盒；硬核；资源管理,在丧尸末日的硬核沙盒中求生存，管理饥饿、健康、情绪和资源，面对一场无法获胜的持久战。,2,不推荐,沙盒生存和资源压力有研究价值，但硬核生存循环和缺乏叙事目标偏离你的核心口味。,https://www.gamer520.com/43904.html,
2026-06-03,PC,夜族崛起 V Rising,吸血鬼；生存；建造；开放世界；战斗,扮演苏醒的吸血鬼，建造城堡、狩猎鲜血、征服领地，在开放世界中崛起。,2,不推荐,吸血鬼题材和城堡建设有氛围，但核心是生存建造和开放世界战斗循环，叙事密度有限。,https://www.gamer520.com/32134.html,
2026-06-03,PC,帝国时代 IV Age of Empires IV,RTS；历史；策略；战役；即时战斗,在历史长河中指挥帝国军队，通过资源采集、基地建设和战斗推进从黑暗时代到文艺复兴的文明征程。,1,非常不推荐,核心是即时战略战斗和资源管理，与你明确不喜欢的类型高度重合。,https://www.gamer520.com/23904.html,
2026-06-02,Switch,卡片战斗先导者DD2 Cardfight Vanguard DD2,卡牌对战；TCG；策略；动漫改编,基于人气TCG的卡牌对战游戏，构筑卡组并与其他角色对决。,1,非常不推荐,核心是卡牌对战和构筑，不符合你的偏好。,https://www.gamer520.com/114701.html,
2026-06-02,PC,飞空艇探险物语,冒险；模拟经营；空艇；探索；角色扮演,驾驶飞艇探索天空岛屿、招募船员、执行任务并发展飞艇设施，在冒险中揭开天空尽头的秘密。,2,不推荐,有探索和角色扮演元素，但核心是模拟经营和任务循环，叙事密度可能有限。,https://www.gamer520.com/114677.html,
2026-06-02,PC,眷族,宠物收集；战斗；进化；培养；冒险,捕捉和培养大量宠物进行战斗，通过进化、变异和技能搭配打造独特队伍，探索随机生成的冒险世界。,1,非常不推荐,核心是宠物收集培养和战斗循环，与你明确不喜欢的元素高度重合。,https://www.gamer520.com/114675.html,
2026-06-02,PC,破碎怪谈：恶意关注,恐怖；心理惊悚；解谜；逃亡；叙事,扮演安妮在充满超现实怪物的内心世界中探索记忆、解谜并躲避追杀，揭开她与母亲关系的黑暗真相。,2,不推荐,恐怖氛围和心理叙事有一定牵引力，但核心是逃亡躲藏和解谜，体验偏惊吓。,https://www.gamer520.com/114673.html,
2026-06-02,PC,仙之气,修仙；动作；江湖；战斗；仙侠,在仙侠世界中修炼功法、闯荡江湖、击败强敌以飞升成仙。,1,非常不推荐,核心是修仙动作战斗，属于你明确不喜欢的类型。,https://www.gamer520.com/114086.html,
2026-06-02,PC,潘多拉的玩具盒,上帝模拟；沙盒；文明建设；策略；Roguelite,化身埃庇米修斯在随机生成的像素大陆上创造并引导人类文明发展，从聚落到城邦，抵御异教徒并传播信仰。,2,不推荐,有策略和文明建设的趣味，但核心是上帝模拟沙盒和Roguelite循环，缺乏叙事引导。,https://www.gamer520.com/113814.html,
2026-06-02,PC,佩布尔骑士 Pebble Knight,动作；平台跳跃；冒险；骑士,扮演骑士在像素风格的关卡中跳跃和战斗，克服障碍完成冒险。,1,非常不推荐,核心是动作平台跳跃和战斗，不符合你的偏好。,https://www.gamer520.com/111727.html,
2026-06-02,PC,哀鸿：城破十日记,文字冒险；明末历史；叙事驱动；生存；多结局,"扮演书生方知宥误入""狮驼国""，在群妖屠城的十日内努力求生并找回记忆，解开故人死亡之谜。零创游戏剧情第三作。45万字多结局。",4,推荐,零创游戏继《饿殍》《葬花》后新作，文字叙事驱动、明末历史题材、多结局选择，高度贴合你的口味。,https://www.gamer520.com/111372.html,
2026-06-02,PC,弑神者竞技场,动作；竞技场；战斗；挑战,在竞技场中与各路敌人战斗，通过不断挑战提升实力。,1,非常不推荐,核心是动作战斗和竞技挑战，不符合你的偏好。,https://www.gamer520.com/94600.html,
2026-06-02,PC,巴别塔：混乱的幸存者,生存动作；Roguelite；幸存者类；战斗,在巴别塔的混乱环境中面对一波波敌人，通过升级和Build构筑生存下去。,1,非常不推荐,核心是幸存者类动作生存刷局，与你明确不喜欢的元素高度重合。,https://www.gamer520.com/93085.html,
2026-06-02,PC,汽水侠 Sodaman,动作；平台跳跃；战斗；能量饮料,扮演汽水侠使用能量饮料赋予的超能力战斗和探索。,1,非常不推荐,核心是动作平台战斗，不符合你的偏好。,https://www.gamer520.com/88919.html,
2026-06-02,PC,星之海洋2 STAR OCEAN THE SECOND STORY R,动作RPG；JRPG；重制；战斗；太空奇幻,在太空与奇幻交织的世界中展开经典JRPG冒险，通过实时战斗和角色培养推进剧情。,1,非常不推荐,核心是动作RPG战斗和角色培养，不符合你的叙事偏好。,https://www.gamer520.com/67177.html,
2026-06-01,Switch,忍者龙剑传：西格玛1,动作；忍者；高速战斗；经典重制,扮演忍者隼龙使用各种武器和忍术高速战斗，击败敌人并追寻真相。,1,非常不推荐,核心是高强度动作和操作挑战，与你的口味完全错位。,https://www.gamer520.com/114624.html,
2026-06-01,Switch,奇迹之星 Wander Stars,回合制RPG；动漫；文字组合；太空冒险；收集,扮演武术家林戈通过组合文字释放自定义攻击，在太空冒险中收集地图碎片并寻找失踪的哥哥。,2,不推荐,动漫风格和文字组合系统有一定形式感，但核心是回合制战斗和收集循环。,https://www.gamer520.com/114618.html,
2026-06-01,Switch,魔饮心语 Tavern Talk,酒馆经营；叙事；奇幻；DND；角色互动；调配魔饮,经营阿斯忒里亚大陆的寻路者酒馆，为冒险者调配魔饮、发布任务、倾听故事并揭开威胁世界的秘密。,4,推荐,酒馆经营、人物互动、叙事任务和世界危机都有很强的吸引力，贴近你喜欢的地点经营和故事推进。,https://www.gamer520.com/114616.html,
2026-06-01,PC,墨境,动作Roguelite；水墨；高速战斗；Build构筑,在水墨风格的奇幻世界中反复闯关，通过构筑Build和高速战斗挑战层层关卡。,1,非常不推荐,核心是高速动作和重复刷局，不符合你的偏好。,https://www.gamer520.com/114304.html,
2026-06-01,PC,挂机升级打怪兽,挂机；放置；升级；打怪；数值成长,通过挂机自动战斗和升级，不断挑战更强大的怪物获取更高收益。,1,非常不推荐,核心是挂机放置和数值成长，属于你明确不喜欢的类型。,https://www.gamer520.com/113956.html,
2026-06-01,PC,绝地鸭卫,塔防；策略；可爱风格；防御,扮演鸭子守卫者，通过布置防御和策略搭配抵御敌人进攻。,2,不推荐,有策略元素但核心是塔防防守，叙事和体验核心较弱。,https://www.gamer520.com/113686.html,
2026-06-01,PC,昏迷3：血脉,2D恐怖；逃亡；韩国巫术；解谜；剧情,在阴影笼罩的昏谜世界中扮演三名主角，躲避傀儡追杀、搜集线索、揭开韩国巫术与诅咒的谜团。,3,可试,恐怖氛围、韩国民俗和解谜有叙事牵引；但核心是逃亡躲藏，体验偏惊吓和回避。,https://www.gamer520.com/112709.html,
2026-06-01,PC,OPUS：心相吾山,叙事冒险；摄影；解谜；乡愁；神话；治愈,扮演迷失在亡土的中年摄影师，与失去记忆的女孩一同旅行，透过相机破解谜团并找到回家的路。,5,优先推荐,摄影、叙事、谜团、双人陪伴和乡愁主题都高度贴合你的口味；形式感和氛围极强。,https://www.gamer520.com/111911.html,
2026-06-01,PC,遗物深渊 Relic Abyss,动作Rogue；弹幕射击；洛夫克拉夫特；探索；Build构筑,在深渊吞噬的世界中探索随机生成关卡，收集圣物和技能，用弹幕射击击败异界头目。,1,非常不推荐,核心是动作Rogue弹幕射击和重复刷局，与你明确不喜欢的元素高度重合。,https://www.gamer520.com/111763.html,
2026-06-01,PC,红色沙漠,开放世界；动作冒险；探索；战斗；龙；中世纪,化身灰鬃领袖克里夫，驰骋帕卫尔大陆、探索遗迹与阿比斯领域，在战斗、冒险与选择中拯救世界。,2,不推荐,有探索和世界氛围，但核心是开放世界动作战斗和高强度操作，偏离你的叙事偏好。,https://www.gamer520.com/110658.html,
2026-06-01,PC,万界·飞升成圣,修仙；放置；飞升；万界；境界突破,穿越万界通过修炼和战斗突破境界，最终飞升成圣。,1,非常不推荐,核心是泛修仙放置和数值成长，与你明确不喜欢的元素高度重合。,https://www.gamer520.com/110245.html,
2026-06-01,Switch,超时空方舟 Chrono Ark,卡牌构筑；Roguelike；组队RPG；策略,组建最多4人队伍，通过卡牌构筑和角色配合探索扭曲之地，收集时空之影拯救世界。,2,不推荐,有组队策略但核心是卡牌构筑和Roguelike循环，属于你通常兴趣较低的类型。,https://www.gamer520.com/105829.html,
2026-06-01,PC,蜀仙传·挂至飞升,修仙；挂机；放置；门派；飞升,在蜀山世界中通过挂机修炼、门派成长和自动战斗逐步飞升成仙。,1,非常不推荐,核心是泛修仙挂机放置，属于你明确不喜欢的类型。,https://www.gamer520.com/105244.html,
2026-06-01,Switch,普力多 普力兹纳 PRITTO PRISONER,解谜；逃脱；监狱；策略,在监狱环境中通过解谜和策略规划寻找逃脱的方法。,2,不推荐,有解谜元素但题材和叙事方向不明确。,https://www.gamer520.com/105233.html,
2026-06-01,Switch,我是未来：悠闲末日生活 I Am Future,休闲生存；末日；屋顶建设；农耕；钓鱼；探索,在洪水淹没的末世城市屋顶上打造温馨营地，种植烹任、拆解制作、雇佣机器人并揭开灾变谜团。,3,可试,舒适生存、基地建设和末日探索有生活气息；但偏建造和自动化，叙事密度可能有限。,https://www.gamer520.com/105224.html,
2026-06-01,PC,水上乐园模拟器,模拟；经营；水上乐园；建设,经营水上乐园，通过建造设施、管理运营和满足游客需求来扩展业务。,1,不推荐,核心是模拟器经营流程，缺少叙事和人物驱动。,https://www.gamer520.com/103022.html,
2026-06-01,PC,明末：欲火重生,动作RPG；明末；历史奇幻；战斗；剧情,在明末乱世中以崭新视角展开一段动作角色扮演之旅，通过战斗和剧情推进故事。,1,非常不推荐,核心是高强度动作战斗和操作挑战，不符合你的口味。,https://www.gamer520.com/102264.html,
2026-06-01,PC,魔女祇兵 Majogami,动作；魔女；奇幻；战斗；角色扮演,扮演魔女使用魔法和武器在奇幻世界中战斗和冒险。,1,非常不推荐,核心是动作战斗，缺乏叙事和体验核心。,https://www.gamer520.com/102018.html,
2026-06-01,PC,超级幻想王国,沙盒；创造；幻想；建设；探索,在幻想王国中自由建造、探索和创造自己的世界。,2,不推荐,沙盒创造自由度较高，但缺乏叙事核心和体验结构。,https://www.gamer520.com/101278.html,
2026-06-01,Switch,喧哗番长 乙女 2nd Rumble,动作；校园；乙女；打架；日式,扮演女番长在校园中通过战斗和交涉解决问题，展开一段喧哗青春故事。,1,非常不推荐,核心是动作战斗和校园打架，不符合你的偏好。,https://www.gamer520.com/95362.html,
2026-06-01,PC,万象群侠传,武侠；RPG；群侠；江湖；战斗,在广阔的武侠世界中招募群侠、修炼武功、闯荡江湖。,1,非常不推荐,核心是武侠战斗和角色成长，缺乏叙事和体验核心。,https://www.gamer520.com/88181.html,
2026-06-01,Switch,电锯甜心 重制 Lollipop Chainsaw RePOP,动作；僵尸；电锯；二次元；重制,扮演僵尸猎人朱丽叶用电锯砍杀僵尸，在校园与城市间展开一段色彩鲜艳的生存战斗。,1,非常不推荐,核心是动作砍杀和二次元卖点，不符合你的偏好。,https://www.gamer520.com/82001.html,
2026-06-01,PC,堕落之主,类魂；动作RPG；黑暗奇幻；战斗；探索,在黑暗奇幻世界中穿越生死两界的庞大战役，用高强度战斗和策略击败堕落之神。,1,非常不推荐,核心是类魂高强度战斗和操作挑战，与你明确不喜欢的元素高度重合。,https://www.gamer520.com/66068.html,
2026-06-01,PC,装机模拟器2,模拟；装机；电脑维修；经营,经营电脑维修店，通过组装、维修和升级电脑完成客户订单并扩展业务。,1,不推荐,核心是模拟器流程操作，缺少人物、叙事和策略取舍。,https://www.gamer520.com/43259.html,
2026-06-01,PC,喵斯快跑 MUSE DASH,音乐；节奏；跑酷；二次元,跟随音乐节拍击打音符，在跑酷式的轨道上完成节奏挑战。,1,非常不推荐,核心是节奏反应操作挑战，不符合你的偏好。,https://www.gamer520.com/42489.html,
2026-06-01,PC,翼星求生 Icarus,开放世界；生存；建造；探索；合作,在外星星球上采集资源、建造基地、抵御环境威胁并完成勘探任务以求生存。,2,不推荐,有生存管理和探索，但偏重建造和长线生存循环，叙事牵引较弱。,https://www.gamer520.com/25485.html,
2026-05-31,PC,赏金乱斗：头号通缉,动作射击；俯视角；多人合作；拉索；PVP,扮演星际赏金猎人在随机关卡中追捕罪犯，用拉索穿越战场并击杀敌人，最终与队友争夺唯一赏金。,1,非常不推荐,核心是快节奏动作射击和多人对抗，与你明确不喜欢的元素高度重合。,https://www.gamer520.com/114554.html,
2026-05-31,PC,巫毒垂钓 Voodoo Fishin',钓鱼；合作；诡异氛围；沼泽；生存,与朋友一起深入诡异沼泽垂钓，打造木偶钓手寻找稀有鱼类，在越来越诡异的环境中努力活着带回渔获。,2,不推荐,诡异沼泽氛围有辨识度，但核心是联机钓鱼和生存，且需要合作游玩。,https://www.gamer520.com/114550.html,
2026-05-31,PC,007：初露锋芒 007 First Light,间谍；动作冒险；潜行；电影化叙事；起源故事,扮演军情六处新兵詹姆斯·邦德，在风景壮阔的地点执行任务、驾驶经典载具，揭露叛逆特工背后的深层阴谋。,3,可试,有电影化叙事和间谍氛围，但核心玩法仍是动作潜行和射击，操作要求较高。,https://www.gamer520.com/114287.html,
2026-05-31,PC,帝国幻想乡 TOHOTOPIA,4X；回合策略；东方Project；战争；城市建设,领导幻想乡少女组成的帝国在快节奏4X对局中探索、扩张、建设城市并征服对手，制霸幻想乡。,2,不推荐,世界观有特色但核心是4X回合策略战争，且带有明显二次元卖点，不符合你的偏好。,https://www.gamer520.com/113734.html,
2026-05-31,PC,黄金河计划 The Gold River Project,开放世界；生存；露营；探索；建造；实验,受邀参加偏远露营之旅却被遗弃，发现自己被困在一场残酷实验中，必须在荒野中搜寻资源、搭建营地并解开谜团以求生还。,3,可试,荒野生存、资源管理和实验悬疑有一定吸引力；但偏重生存建造，叙事密度可能有限。,https://www.gamer520.com/113344.html,
2026-05-31,PC/Switch,兔兔秘密花园2,恋爱冒险；视觉小说；休闲；互动；店员,"因职场失误陷入迷茫的主人公来到""兔兔秘密花园""，与店员互动交流，在休闲氛围中度过治愈夜晚。",1,非常不推荐,主要卖点是恋爱互动和二次元角色，与你明确不喜欢的元素重合。,https://www.gamer520.com/113240.html,
2026-05-31,PC,农庄牌,卡牌构筑；农场；轻度Rogue；植物；经营,在农场播种培育植物，用卡牌构筑和稻草人被动打出组合效果，同时管理税金与应对自然灾害。,2,不推荐,农场题材有生活气息，但核心是卡牌构筑和轻度Rogue循环，属于你通常不优先的方向。,https://www.gamer520.com/112684.html,
2026-05-31,PC,岚：外传,忍者；回合制战斗；像素美术；冲刺斩击；策略动作,"扮演忍者""岚""接受委托前往日本，在融合冲刺斩击的回合制战斗中击败敌人、夺回被盗的东方遗物。",2,不推荐,有忍者故事线但核心是回合制战斗，正好属于你通常兴趣较低的类型。,https://www.gamer520.com/96148.html,
2026-05-31,PC,像素人生 To Pixelia,生活模拟；开放世界；像素；职业选择；城市生活,在像素风格的点点市中开始新生活，自定义角色、选择职业、购买房产，自由决定成为什么样的人。,3,可试,生活模拟和职业选择有一定生活气息和开放度；但可能缺乏叙事核心，偏向自由模拟器。,https://www.gamer520.com/92282.html,
2026-05-30,Switch,布鲁伊寻找金笔 Bluey's Quest For The Gold Pen,儿童；冒险；探索；解谜；手绘；故事驱动,与布鲁伊一家在九个手绘世界中探索、解谜、乘船骑行，帮助找回被抢走的金笔。,2,不推荐,有故事驱动和探索，但针对儿童受众，内容较浅且缺乏策略纵深。,https://www.gamer520.com/114575.html,
2026-05-30,Switch,流明物语：特雷的回忆 LumenTale Memories,怪物收集；RPG；回合制战斗；冒险；记忆；宠物对战,"扮演特雷在美丽世界踏上冒险之旅，捕捉名为""阿尼莫""的生物并与之战斗，逐渐找回遗失的记忆。",2,不推荐,有故事和收集元素，但核心是回合制怪物对战和收集循环。,https://www.gamer520.com/114571.html,
2026-05-30,PC/Switch,挖掘者米娜 Mina the Hollower,动作冒险；平台跳跃；像素；鞭击；探索；地下世界,扮演挖掘者米娜用鞭子和钻头在地下穿梭战斗，探索黑暗世界并拯救被诅咒的岛屿。,2,不推荐,动作冒险和平台跳跃为核心，玩法偏操作挑战。,https://www.gamer520.com/114538.html,
2026-05-30,PC,冰点之下,FMV；末日生存；寒潮；丧尸；骰子选择；关系,寒潮和丧尸将世界推入末日，一名仓库管理员与三名同伴踏上极寒旅途，在骰子和选择中面对希望与阴谋。,3,可试,有末日旅途、骰子选择和生存压力；但真人影像与角色卖点可能压过更扎实的叙事。,https://www.gamer520.com/114533.html,
2026-05-30,PC,战娘自走棋,自走棋；自动战斗；卡牌；羁绊；角色收集；类Rogue,收集并升级不同战娘，通过阵容摆放、羁绊组合和圣物效果完成一轮轮自动战斗。,1,非常不推荐,核心是自动战斗、角色收集和羁绊数值，且卖点偏二次元角色，不符合你的偏好。,https://www.gamer520.com/114531.html,
2026-05-30,PC,纺织者之咏 Voice of Belldona,牌组构筑；类Rogue；回合制战斗；随机地图；角色养成；多结局,选择不同角色探索随机生成的奇幻地图，通过牌组、资源、养成和回合战斗推进一段多结局冒险。,2,不推荐,有探索和多结局，但玩法重点仍是传统卡牌构筑与回合战斗，较难形成你的兴趣。,https://www.gamer520.com/113922.html,
2026-05-30,PC,极限竞速：地平线6,开放世界竞速；日本；东京；公路旅行；汽车收藏；多人,驾驶数百辆汽车探索东京、郊区、码头和工业区，在日本的道路与汽车文化中参加比赛、收集车辆并建设自己的地产。,2,不推荐,日本道路、东京和旅行感有一定吸引力，但玩法核心仍是竞速驾驶和车辆收集。,https://www.gamer520.com/113322.html,
2026-05-30,PC,星火燎原 SPARK IGNITES,2.5D像素；中世纪；朝圣旅途；伙伴命运；分支选择；回合战术,在王国倾颓、古神滋生的世界中与伙伴踏上朝圣之旅，通过关键抉择和策略战斗决定彼此与世界的归宿。,3,可试,视觉气质、旅途和伙伴抉择值得留意；但传统回合制战斗占比可能较高。,https://www.gamer520.com/112453.html,
2026-05-30,PC,识质存在 PRAGMATA,科幻动作冒险；月球设施；双角色协作；入侵解谜；AI失控,调查员休与机器人女孩戴安娜被困在失控 AI 掌管的月球设施中，需要同时使用射击、移动和入侵能力寻找返回地球的方法。,4,推荐,月球设施、搭档关系和双角色混合玩法有明确体验核心；但动作和操作比重可能偏高。,https://www.gamer520.com/111820.html,
2026-05-30,PC,异变金属 Morbid Metal,动作肉鸽；高速砍杀；连击；角色切换；机器军团；Boss战,在快节奏轻肉鸽战斗中实时切换角色，用高速连击撕裂一波波机器军团并挑战首领。,1,非常不推荐,几乎完全以高速砍杀、连击和重复战斗为核心，与你明确不喜欢的元素高度重合。,https://www.gamer520.com/111563.html,
2026-05-30,Switch,链杖 ChainStaff,动作平台；战斗；手绘美术；外星；摇滚,使用可变形的链杖在外星孢子感染的地球上战斗，营救战友并击败变异怪物。,1,非常不推荐,核心是高强度动作平台跳跃和战斗，与你的口味完全错位。,https://www.gamer520.com/111550.html,
2026-05-30,PC,死亡搁浅2：冥滩之上,旅途冒险；末日世界；递送；探索；连接；资源管理；叙事,山姆和伙伴们穿越异界敌人横行的末日世界，完成一段关于递送、连接与人类存续的新旅程。,5,优先推荐,旅途、探索、具体任务、资源管理、人物关系和主题氛围都高度符合你的口味。,https://www.gamer520.com/110514.html,
2026-05-30,Switch,异形战机：战略 I･II 宇宙 R-TYPE TACTICS I･II COSMOS,回合策略；横向卷轴；射击；战术；科幻,体验R-Type系列的战术回合制与横向卷轴射击融合玩法，指挥部队在多条战役线中战斗。,1,非常不推荐,主要是战术回合战斗和横版射击，与你的口味明显错位。,https://www.gamer520.com/110227.html,
2026-05-30,PC,华夏史诗：战国,战国沙盒；开放世界；势力经营；门客；军队；城池；贸易,从乱世中的普通人起步，招揽门客、训练军队、经营城池和商道，也可以独自游历九州并选择自己的争霸路线。,3,研究可看,势力、贸易、队伍和城池系统有研究价值；但大沙盒、战斗和成长内容可能过重。,https://www.gamer520.com/109979.html,
2026-05-30,PC,杀戮尖塔2,Roguelike；卡牌构筑；爬塔；遗物；策略战斗,在不断变化的高塔中组建卡组、收集遗物和药水，用每一轮构筑应对不同敌人与随机挑战。,2,不推荐,完成度和策略性可能很强，但核心仍是传统 Rogue 卡牌战斗，正好属于你通常缺乏兴趣的方向。,https://www.gamer520.com/109811.html,
2026-05-30,PC,卡牌修仙传,修仙；卡牌管理；探索；法宝；炼丹；种植；成长,扮演失忆修仙者，用卡牌和工作台修炼心法、制作法宝、种植灵药并探索秘境，逐步拼回过往记忆。,2,不推荐,卡牌管理和记忆线有一点形式感，但核心仍是泛修仙成长、材料和战斗循环。,https://www.gamer520.com/109807.html,
2026-05-30,PC,剑星,后末日；动作冒险；砍杀；类魂；Boss战；角色养成,伊芙回到被怪物占据的地球，在文明遗迹中追查世界衰败的真相，并通过高速连招和 Boss 战收复失地。,1,非常不推荐,世界和画面可能有吸引力，但核心乐趣是高速动作、连招和高强度战斗，与你的口味明显错位。,https://www.gamer520.com/109449.html,
2026-05-30,Switch,知只大冒险2 Biped 2,合作；解谜；动作冒险；机器人；多人；平台,操控双足机器人在外星探索未知世界，通过合作解谜、使用滑翔翼和抓钩跨越障碍拯救星球。,2,不推荐,主要依赖合作操作和解谜，非单人叙事体验。,https://www.gamer520.com/101844.html,
2026-05-30,PC,异形：盗贼入侵进化,异形宇宙；动作恐怖；秘密基地；陆战队员；生存,殖民地陆战队员祖拉前往秘密基地调查，在异形入侵中依靠反应、技巧和意志力战斗求生。,2,不推荐,秘密基地和恐怖氛围有一定吸引力，但核心依然是动作、生存和反应挑战。,https://www.gamer520.com/100180.html,
2026-05-30,PC,御炮少女 TurretGirls,动作；炮塔防守；外星怪潮；资源升级；重复战斗；擦边角色卖点,操纵孤身守卫发电机的少女，在外星怪物浪潮中瞄准射击、升级炮塔并为最终武器充能。,1,非常不推荐,主要内容是重复怪潮、射击和数值升级，并带有明显擦边角色卖点，与你明确不喜欢的元素高度重合。,https://www.gamer520.com/99310.html,
2026-05-30,PC,牧场物语：来吧！风之繁华集市,牧场生活；小镇；集市经营；种植；动物；居民关系,在煦风镇经营牧场、照料动物、参加每周集市并结识居民，让逐渐冷清的小镇重新热闹起来。,3,可试,生活气息、小镇居民和集市经营符合口味；但传统牧场日课可能带来重复感。,https://www.gamer520.com/98544.html,
2026-05-30,PC,霓虹深渊2,动作肉鸽；平台射击；多人合作；道具联动；重复刷局,在赛博神话风格的深渊中反复闯关，用不同战斗风格和大量道具联动制造每一局的动作混乱。,1,非常不推荐,视觉风格可能鲜明，但主要体验仍是高强度动作、平台射击和反复刷局。,https://www.gamer520.com/96266.html,
2026-05-30,PC,断箭 Broken Arrow,现代战争；大型RTS；即时战术；军队编成；战役,在波罗的海地区指挥现代联合部队，用大量真实军事单位完成大规模即时战术战役。,1,非常不推荐,有战役叙事，但绝大多数注意力都集中在军事单位、编成和即时战斗上。,https://www.gamer520.com/94558.html,
2026-05-30,PC,东京高赛车 Tokyo Xtreme Racer,夜间东京；首都高；赛车；车辆改装；SP精神值战斗；城市氛围,驾驶改装车辆穿梭于封闭的未来东京高速公路，通过速度、走位和独特的 SP 精神值系统击败风格各异的对手。,2,不推荐,夜间东京、城市高速和 SP 精神值系统有一定辨识度，但核心体验仍是竞速驾驶和操作挑战。,https://www.gamer520.com/87722.html,
2026-05-30,PC,泽丰 ZEPHON,末日4X；城市管理；资源经营；探索；外交；回合战术；分支任务,在外星入侵后的末日地球引导幸存者扩张城市、研究科技、探索废墟并在异变生物和机械势力之间寻找生存道路。,3,研究可看,末日城市、资源、探索和分支任务有参考价值；但4X规模和回合战斗可能过重。,https://www.gamer520.com/84733.html,
2026-05-30,PC,风中行者 Windblown,动作Roguelite；高速冲刺；空中岛屿；武器构筑；多人合作；重复刷局,从漂浮村落出发闯入危险漩涡，在不断变化的空中岛屿中高速冲刺、反复战斗并用陨落战士的记忆重铸武器。,1,非常不推荐,美术和空中岛屿有一定气质，但核心是高速动作、技巧挑战、Build构筑和反复死亡刷局，与你的口味明显错位。,https://www.gamer520.com/83964.html,
2026-05-30,PC,深渊学校,叙事探索；深海学校；怪谈；解谜；躲避怪物；逃脱,普通女学生裕熙在校车上醒来后发现学校已经沉入深海，需要解开追随者布置的谜题、躲避怪物并逃回原来的世界。,4,推荐,深海学校、怪谈氛围、叙事牵引、探索和解谜都贴合你的偏好；操作压力看起来也不会成为唯一核心。,https://www.gamer520.com/79125.html,
2026-05-29,PC,武道残编,武侠放置；门派修炼；奇遇；成长,以门派修炼、江湖奇遇和数值成长为核心的武侠放置RPG。,1,不优先,有江湖奇遇但核心是放置成长和数值循环，与你偏好的主动选择压力较远,https://www.gamer520.com/114476.html,
2026-05-29,PC,星尘轨迹：魔女之愿,像素SRPG；奇幻冒险；回合战术；卡牌,在奇幻旅途中带领伙伴作战，用回合战术和卡牌机制推进一段舞台感较强的冒险故事。,4,推荐,叙事、伙伴成长和策略战斗都比较贴合；题材偏日式奇幻，不是最核心口味,https://www.gamer520.com/114473.html,"否, 回合战斗"
2026-05-29,PC,枪匠模拟器,枪械工坊；拆装；订单经营；模拟,经营枪械工坊，完成拆解、修理、改装和订单交付。,1,不优先,系统可能细，但叙事、人文和探索弱,https://www.gamer520.com/114433.html,
2026-05-29,PC,薛定谔的电话,文字冒险；末日前通话；情绪叙事；绘本,在世界末日前接通一通通电话，倾听他人的遗憾并寻找连接和救赎。,5,强推,短篇叙事、形式感和情绪核心非常贴合你的口味,https://www.gamer520.com/114429.html,"否, 纯叙事"
2026-05-29,PC,西部幽魂,西部；幽灵；冒险；荒野,以西部荒野和幽灵元素为背景展开一段带神秘色彩的冒险。,2,观望,西部边缘秩序题材可看，但类型未必贴叙事探索,https://www.gamer520.com/114427.html,"是, 画面风格独特"
2026-05-29,PC,地心护核者,沙盒生存；挖矿；基地建设；多人,在地下世界挖掘资源、建设基地、击败怪物并逐步探索核心秘密。,3,可试,探索和建设循环扎实，但偏长线采集，不是核心叙事口味,https://www.gamer520.com/114423.html,
2026-05-29,PC,东京股神 STONKS-9800,股市模拟；80年代日本；资产经营；生活,在80年代日本泡沫经济中买卖股票、经营资产并安排商人的日常生活。,4,推荐,经营计算、时代气氛和生活循环都很适合做系统参考,https://www.gamer520.com/114419.html,"否, 股市很无聊"
2026-05-29,PC,盒子面包坊,烘焙店；小店经营；轻模拟,经营一家盒子风格的面包坊，通过制作和销售面包维持小店运转。,3,可试,适合观察小经营循环，但可能过轻,https://www.gamer520.com/114412.html,
2026-05-29,PC,罗马拓荒录,罗马；城市建设；资源经营,在古罗马背景下建设定居点、组织资源生产并扩张城镇。,2,观望,有经营结构，但题材和叙事牵引不算贴合,https://www.gamer520.com/114360.html,
2026-05-29,PC,团队对战经理2,电竞管理；阵容构筑；战术模拟,扮演电竞战队经理，通过选手、阵容和战术安排来赢下赛季。,3,可试,可研究管理循环和阵容决策；叙事与氛围弱,https://www.gamer520.com/114271.html,MOBA，可以试试，但必须在PC上
2026-05-29,PC,矮人吞山,矮人；挖掘；资源经营；建设,围绕矮人开采、地下建设和资源循环展开的策略经营游戏。,2,观望,可能有资源链和建设循环，但需要看系统深度,https://www.gamer520.com/113877.html,
2026-05-29,PC,拾光旅人 Outbound,露营车；开放世界；采集制作；轻生存,开着可改装露营车在开放世界旅行，通过采集、制作和建造经营自己的移动小家。,3,可试,贴近轻探索、生活感和空间经营；叙事密度可能偏弱,https://www.gamer520.com/113336.html,
2026-05-29,PC,废墟国度：符文之门,奇幻废土；符文；探索；RPG,在废墟化的奇幻国度中探索符文之门，围绕冒险和成长展开。,2,观望,标题和题材有探索感，但信息不足，先低权重收录,https://www.gamer520.com/111803.html,
2026-05-29,PC,风屿奇航,航海；岛屿探索；冒险；资源,以群岛航行为核心，在海上探索、收集资源并推进冒险。,3,可试,若偏航线探索和资源决策会有参考价值；先作为轻探索候选,https://www.gamer520.com/110475.html,
2026-05-29,PC,Million Depth,地下探索；动作冒险；科幻异境,深入未知地下世界探索和战斗，在层层深处寻找真相与资源。,2,观望,题材有异境探索感，但可能偏动作，先观望,https://www.gamer520.com/102123.html,
2026-05-28,PC,传颂之物：循白之证,剧情RPG；战棋；奇幻；系列叙事,以视觉小说式剧情和战棋战斗结合，继续展开系列奇幻世界中的人物旅程。,3,可试,叙事密度高、战斗有策略；系列门槛和日式风格较强,https://www.gamer520.com/114366.html,
2026-05-28,PC,废土履迹,废土；路线探索；生存；资源压力,在废土环境中沿路线前进，处理资源、危机和生存选择。,3,可试,如果有行进路线和生存抉择，会贴近你喜欢的压力结构,https://www.gamer520.com/112935.html,
2026-05-28,PC,荒域奇谭,荒野奇幻；冒险RPG；探索,在荒域世界展开奇幻冒险，通过探索和战斗推进旅程。,2,观望,有冒险感，但暂时缺少强叙事或机制亮点,https://www.gamer520.com/112726.html,
2026-05-28,PC,冒险家商店,商店经营；冒险者；商品供给,经营面向冒险者的商店，通过进货、售卖和需求管理维持生意。,3,可试,适合看经营与冒险生态如何互相驱动,https://www.gamer520.com/112123.html,
2026-05-28,PC,诡岛灵探,灵异调查；岛屿悬疑；推理,在充满怪异传闻的岛屿上调查异常事件，逐步拼出背后的真相。,4,推荐,调查、悬疑和封闭场域比较贴合；值得进一步验证质量,https://www.gamer520.com/111548.html,
2026-05-28,PC,以太与铁,架空1930年代；浮空纽约；noir RPG；载具战斗,进入反重力科技改写的1930年代纽约，组建团队、改装座驾并揭开浮空都市的黑暗秘密。,5,强推研究,和你的黑色城市犯罪项目高度相关，适合研究城市、阶级和叙事RPG结构,https://www.gamer520.com/111139.html,是
2026-05-28,PC,灰烬之国,黑暗奇幻；RPG；荒芜国度,在灰烬笼罩的奇幻国度中冒险，面对衰败世界里的战斗与探索。,2,观望,气氛可能强，但类型可能偏战斗刷图,https://www.gamer520.com/111137.html,
2026-05-28,PC,歧路旅人0,像素JRPG；群像冒险；城镇叙事；回合制,以复古像素和回合制战斗讲述多角色交织的大陆冒险。,3,可试,可看多角色路线和城镇叙事组织；传统JRPG成分重,https://www.gamer520.com/110932.html,
2026-05-28,PC,历史的终结,沙盒RPG；开放路线；历史幻想,在开放式世界中扮演角色，沿着不同路线介入历史终局。,2,观望,标题和沙盒结构有潜力，但需要复核文本与系统质量,https://www.gamer520.com/103573.html,
2026-05-28,PC,都市：天际线2,城市建设；交通规划；市政管理,从道路、分区、交通和公共服务入手，规划并管理一座现代城市。,2,研究可看,对城市系统有参考，但与叙事冒险方向较远,https://www.gamer520.com/66665.html,
2026-05-27,PC,风信楼,古风经营；情报据点；角色养成；多结局,经营一座风月与情报交织的据点，在人物关系和势力选择中走向不同结局。,4,推荐,经营场所、情报网络、人物关系和多结局都很有参考价值,https://www.gamer520.com/114358.html,
2026-05-27,PC,蛇之凝视 Serpent’s Gaze,黑暗奇幻；神秘学；解谜；恐怖,围绕蛇之凝视展开神秘学气氛浓厚的黑暗冒险与解谜。,3,可试,题材和氛围可能可用，但需复核玩法是否足够叙事化,https://www.gamer520.com/114355.html,
2026-05-27,PC,疫区档案,生存恐怖；回合战术；资源匮乏；死城,在被疫情吞噬的区域中调查和战斗，用有限资源穿过危险现场。,4,推荐,资源压力、箱庭迷宫和回合制恐怖设计很值得研究,https://www.gamer520.com/113498.html,
2026-05-27,PC,地狱黑杰克 Black Jacket,黑杰克；赌场；概率博弈；风险收益,以黑杰克赌局为核心，在地狱式牌桌上用概率和风险换取收益。,3,可试,可作为赌局压力、概率和资源交换的机制参考,https://www.gamer520.com/113455.html,
2026-05-27,PC,真探3,文字推理；质询；证据链；多线悬疑,通过线索收集、证据交叉和质询系统主动推理案件真相。,5,强推研究,非常适合研究侦探游戏的主动推理、线索组织和质询结构,https://www.gamer520.com/113446.html,
2026-05-27,PC,8020号指令,科幻恐怖；电影化叙事；互动冒险,以科幻恐怖为基调，通过电影化互动推进一场危险任务中的生存故事。,3,可试,若偏互动电影和恐怖叙事，值得看节奏设计,https://www.gamer520.com/113293.html,
2026-05-27,PC,异界驿站,驿站经营；异世界来客；地点事件,经营连接异界的驿站，接待各类来客并处理由此引发的事件。,3,可试,地点经营和来客事件可能贴近你做场景节点的思路,https://www.gamer520.com/113004.html,
2026-05-27,PC,九王 9 Kings,王国策略；roguelike构筑；短局,在短局策略框架中组合王国能力，用构筑和运营击败一轮轮挑战。,3,可试,短局策略压力可以研究，但叙事与城市感弱,https://www.gamer520.com/93312.html,
2026-05-27,PC,末日车队,末日生存；车队管理；路线选择；资源,带领末日车队穿越危险地带，在路线、资源和队伍状态之间做艰难选择。,4,推荐,行进式压力、路线和资源管理可能很适合你的结构研究,https://www.gamer520.com/89715.html,
2026-05-27,PC,帕格尼物语,村落经营；幻想岛屿；资源链；联盟,在幻想岛屿上建设村落、组织生产链，并让居民与周边势力协作发展。,3,可试,经营与定居点系统有参考价值；叙事可能较轻,https://www.gamer520.com/67792.html,
2026-05-26,PC,遥远行星：建造师,太空殖民；基地建造；资源生产,在遥远星球上建设基地、组织资源生产并扩展殖民设施。,2,观望,建设循环可看，但题材和叙事方向较远,https://www.gamer520.com/114269.html,
2026-05-26,PC,一日时光：园林与山野,田园生活；园林；休闲探索；自然,在山野与园林之间度过慢节奏的一日，进行轻松的生活与自然探索。,3,可试,贴近轻生活和慢节奏探索；系统深度可能有限,https://www.gamer520.com/114267.html,
2026-05-26,PC,平行人生 Paralives,人生模拟；建造；生活关系,创建角色、设计房屋并模拟日常生活与人际关系。,2,观望,生活模拟可研究，但投入大且叙事目标不强,https://www.gamer520.com/114244.html,
2026-05-26,PC,安尼姆的无尽旅途,暗黑童话；兽人角色；旅途RPG；队伍,带领兽人角色踏上暗黑童话式旅途，在冒险、战斗和成长中前进。,4,推荐,旅途、角色、暗黑氛围和资源压力可能比较合口味,https://www.gamer520.com/114059.html,
2026-05-26,PC,Bus Bound,公交驾驶；城市路线；职业模拟,驾驶公交穿行城市路线，完成站点服务和交通运营任务。,1,不优先,城市日常有参考，但玩法主要是驾驶模拟,https://www.gamer520.com/112707.html,
2026-05-26,PC,心之岛,岛屿生活；建造；关系；休闲模拟,在岛屿上建设家园、结识角色并经营悠闲生活。,3,可试,可以看生活任务与场景经营，但可能偏日课,https://www.gamer520.com/110987.html,
2026-05-26,PC,驯牌师 Decktamer,卡牌构筑；怪物捕捉；roguelike,用卡牌机制捕捉和驱使怪物，在不断变化的战斗中构筑队伍。,3,可试,机制可能新颖，适合看短局构筑；叙事弱,https://www.gamer520.com/102924.html,
2026-05-26,PC,十年不晚 Best Served Cold,叙事悬疑；酒馆；复仇；调查,在酒馆与城市阴影之间收集消息，围绕复仇和悬疑推进故事。,4,推荐,标题和英文名指向犯罪/复仇/酒馆叙事，值得复核,https://www.gamer520.com/92569.html,
2026-05-26,PC,非生物因素,科研设施；异常事件；生存建造；合作,困在异常失控的科研设施中，探索、制造装备并和同伴维持生存。,4,推荐,研究所灾变和设施探索很有场景设计参考价值,https://www.gamer520.com/76143.html,
2026-05-25,PC,摩天法师塔,魔法塔；空间经营；资源管理,建造和管理一座向上延展的法师塔，安排空间、资源和魔法生产。,2,观望,可观察垂直空间经营，但需要复核系统,https://www.gamer520.com/114211.html,
2026-05-25,PC,星际钻探站,太空钻探；资源采集；基地模拟,运营星际钻探设施，围绕采掘、加工和基地扩张建立资源链。,2,观望,资源链可能有用，但叙事和人物弱,https://www.gamer520.com/114209.html,
2026-05-25,PC,黑森町绮谭,日式怪谈；小镇异常；叙事探索,在黑森町调查地方怪谈和异常事件，逐步进入小镇隐藏的故事。,4,推荐,小镇、怪谈、地方性和异常事件很贴近你的场景兴趣,https://www.gamer520.com/114203.html,
2026-05-25,PC,奶茶店大亨,奶茶店；小店经营；饮品制作,经营奶茶店，研发饮品、服务顾客并扩大店铺收益。,2,观望,可研究小店循环，但可能过轻、过公式化,https://www.gamer520.com/114201.html,
2026-05-25,PC,威赫战线 MENACE,科幻战术；小队管理；任务计划,指挥一支边境小队完成科幻战术任务，在人员、装备和计划之间做取舍。,3,可试,小队与任务计划有研究价值；题材偏军事科幻,https://www.gamer520.com/106813.html,
2026-05-25,PC,恶魔学校 Demonschool,战术RPG；校园日程；恶魔；关系,在校园日程和恶魔战斗之间分配时间，和同伴完成任务并揭开异常。,5,强推研究,日程、关系、支线和战术战斗结合得很适合机制研究,https://www.gamer520.com/102487.html,
2026-05-24,PC,迷雾计划,迷雾；悬疑；生存/策略,围绕迷雾中的未知威胁展开探索、应对和生存抉择。,2,观望,主题有悬疑感，但需要进一步复核类型和质量,https://www.gamer520.com/114188.html,
2026-05-24,PC,几度相逢若初见,情感叙事；视觉小说；重逢,以重逢和情感关系为核心展开一段视觉小说式叙事。,2,观望,可能是短篇情感体验，但需确认文本质量,https://www.gamer520.com/114179.html,
2026-05-24,PC,黑暗中的火花,黑暗幻想；探索；动作RPG,在黑暗幻想世界中追寻微弱火光，进行探索与战斗。,2,观望,有氛围但类型未明，先低权重收录,https://www.gamer520.com/111565.html,
2026-05-24,PC,西部牛仔的一生,西部生活；边境；角色成长；模拟,扮演西部牛仔，在边境世界中经历生计、冒险和成长。,3,可试,西部边境秩序和角色生活可作题材参考,https://www.gamer520.com/102807.html,
2026-05-24,PC,指环王：夏尔传说,夏尔生活；做饭；装饰；关系；轻探索,在夏尔过霍比特式田园生活，通过料理、装饰、探索和社交融入村庄。,3,可试,田园生活氛围贴轻体验，但可能日课重复,https://www.gamer520.com/96959.html,
2026-05-24,PC,皇帝与社稷,古代治理；朝政；民生；策略模拟,扮演古代君主处理朝政、财政、民生和权力平衡。,4,推荐研究,适合研究统治、财政、民生、压榨与权力系统,https://www.gamer520.com/79965.html,
2026-05-23,PC,诺兰德,贵族家族；殖民地管理；关系；权力斗争,管理中世纪贵族家族和殖民地，在人物欲望、资源和政治斗争之间求生。,4,推荐研究,家族、阶层、权力和资源管理对城市权贵系统有参考价值,https://www.gamer520.com/114120.html,
2026-05-23,PC,深海迷航2,深海探索；生存建造；环境叙事,潜入陌生深海生态，采集资源、建造设备并探索海底秘密。,3,可试,探索氛围强，但偏生存建造，不是核心叙事口味,https://www.gamer520.com/113387.html,
2026-05-23,PC,最后的加油站,加油站经营；公路；夜间事件；轻恐怖,经营偏僻加油站，在日常服务、店铺运营和夜间异象之间维持生意。,4,推荐,小地点经营、过路人和夜间禁忌很适合场景设计参考,https://www.gamer520.com/112593.html,
2026-05-23,PC,四海兄弟：故乡,黑帮犯罪；电影化叙事；家族；暴力,回到黑帮家族与故乡的犯罪世界，在忠诚、暴力和命运之间推进故事。,4,推荐研究,适合研究犯罪叙事、权力结构和电影化场面,https://www.gamer520.com/109576.html,
2026-05-23,PC,Dice A Million,骰子；概率；策略；短局,围绕骰子结果和概率规划行动，在短局中滚动风险和收益。,3,可试,与你研究骰子、clock和风险分配相关,https://www.gamer520.com/109523.html,
2026-05-23,PC,阿兹特克：最后的太阳,阿兹特克；城市建设；祭祀；末日压力,建设阿兹特克城市，在资源、祭祀和末日危机之间维持文明。,3,可试,统治、资源和仪式压力可作系统参考,https://www.gamer520.com/99882.html,
2026-05-23,PC,夜不能魅 Midnight Special,夜间恐怖；短篇悬疑；探索,在午夜特殊事件中探索异常现场，经历一段短篇恐怖悬疑。,3,可试,夜间场景和短篇恐怖可能适合氛围参考,https://www.gamer520.com/92660.html,
2026-05-23,PC,拓荒商客 Saleblazers,商店经营；开放世界；生存冒险,在开放世界中边冒险边开店，通过战斗、采集和销售维持商业扩张。,3,可试,赚钱、经营和冒险混合结构值得看,https://www.gamer520.com/80895.html,
2026-05-23,PC,污痕圣杯：阿瓦隆的陨落,黑暗奇幻；开放世界RPG；阿瓦隆,在被污染的阿瓦隆世界中冒险，通过探索、战斗和选择寻找出路。,3,可试,气氛强，但题材距离城市犯罪较远,https://www.gamer520.com/65873.html,
2026-05-23,PC,最远的边陲,城镇建设；中世纪；资源压力；防御,从荒地建立边陲城镇，管理粮食、疾病、防御和居民生计。,4,推荐研究,资源、民生、灾害和城镇压力很适合系统参考,https://www.gamer520.com/39759.html,
2026-05-23,PC,战争传说 Wartales,佣兵团；开放世界；战术RPG；资源,带领佣兵团在开放世界接任务、养队伍并处理粮食、金钱和战斗风险。,4,推荐研究,队伍、路线、资源和任务压力组合很适合机制参考,https://www.gamer520.com/25992.html,
2026-05-22,PC,月之深渊,深渊探索；黑暗幻想；动作冒险,向月下深渊进发，在黑暗幻想场景中探索和战斗。,2,观望,氛围可能可看，但信息不足,https://www.gamer520.com/114035.html,
2026-05-22,PC,归零巡礼：亡谍镇魂曲,谍战悬疑；科幻；动作RPG,围绕亡谍与归零巡礼展开带科幻色彩的悬疑冒险。,2,观望,标题有悬疑和谍战感，但需复核玩法是否偏战斗,https://www.gamer520.com/114029.html,
2026-05-22,PC,REPLACED,架空80年代；赛博noir；2.5D动作；电影感,在架空80年代城市中扮演困于人类身体的AI，穿过赛博-noir式阴影世界。,4,推荐看视觉,玩法偏动作，但视觉、城市氛围和身份主题值得参考,https://www.gamer520.com/111771.html,
2026-05-22,PC,终落之城,末日城市；殖民模拟；资源；政治抉择,在末日海上城市中建设殖民地，处理资源短缺、派系关系和艰难抉择。,4,推荐研究,城市建造、资源、派系和艰难抉择都很适合系统参考,https://www.gamer520.com/111401.html,
2026-05-22,PC,最后的星舰 The Last Starship,星舰建造；船员管理；太空生存,设计和运营星舰，管理船员、资源和太空任务中的生存问题。,3,可试,资源与船员系统有参考价值；题材偏科幻管理,https://www.gamer520.com/106261.html,
2026-05-22,PC,轮回保险公司 R.I.P.,死亡保险；轮回；经营/叙事,以死亡、保险和轮回为概念，处理一间特殊公司的业务与命运问题。,3,可试,概念有意思，可能适合研究死亡与合同机制,https://www.gamer520.com/105622.html,
2026-05-22,PC,魔法门之英雄无敌：上古纪元,回合策略；地图探索；资源；英雄培养,带领英雄探索地图、夺取资源、建设城镇并进行回合制战斗。,3,可试,地图探索、资源和战斗结构可研究,https://www.gamer520.com/100598.html,
2026-05-22,PC,小猫咪大城市,猫咪扮演；城市探索；轻松冒险,扮演走失小猫在大城市中闲逛、捣乱、结识动物并寻找回家的路。,3,可试,轻松城市探索和空间互动适合轻体验参考,https://www.gamer520.com/76403.html,
2026-05-22,PC,房产达人2,房屋翻修；装修；空间改造；模拟,接手旧房、拆改装修并通过空间设计完成翻新订单。,2,观望,空间改造可参考，但不是叙事/策略主线,https://www.gamer520.com/69397.html,
2026-05-22,PC,凶影疑云 Shadows of Doubt,侦探沙盒；程序城市；私家调查；连环杀手,在程序生成的黑色城市中接委托、搜证、跟踪嫌疑人并追查连环杀手。,5,强推研究,和你的noir城市侦探项目最直接相关；城市、线索、委托都值得拆解,https://www.gamer520.com/56784.html,"否, 完全是对话 选择"
2026-05-22,PC,极乐迪斯科：最终剪辑版,侦探RPG；城市街区；对话；政治人格,在破败城区调查凶案，通过技能、对话和自我撕扯理解城市与案件。,5,必看级,你的noir侦探项目基础参考之一，但不是新作,https://www.gamer520.com/33921.html,
2026-05-22,PC,骑马与砍杀2：霸主,中世纪沙盒；战争；势力经营；角色成长,从无名角色起步，在中世纪沙盒中经商、征战、结盟并建立势力。,3,研究可看,大沙盒系统有参考，但投入大、叙事目标松散,https://www.gamer520.com/9348.html,
2026-06-17,PC,奇迹时代4,策略;4X;回合制战斗;角色扮演;奇幻,4X奇幻策略游戏，管理帝国、发展派系、进行回合制战术战斗，事件系统提供叙事。,3,可试,有策略深度和经营计算，但核心是回合制战术战斗和征服扩张，缺乏人文叙事与生活气息。,https://www.gamer520.com/57234.html,
2026-06-17,PC,亡命迪斯科 Dead as Disco,节奏;动作;格斗;独立;音乐,霓虹风格的节奏格斗游戏，所有攻击与音乐同步，扮演过气巨星重组乐队。,2,不推荐,核心玩法是节奏反应动作格斗（纯反应操作），与口味基准中的纯反应操作直接冲突，虽有叙事但玩法不匹配。,https://www.gamer520.com/113045.html,
2026-06-17,PC,神话时代 重述,策略;RTS;神话;即时战略;帝国时代,神话主题即时战略游戏，指挥军队和神话单位，50个战役任务。,2,不推荐,核心是RTS战斗和基地建设，缺乏叙事氛围、人文关系和生活气息，偏离口味偏好。,https://www.gamer520.com/81402.html,
2026-06-17,PC,无人深空,探索;开放世界;太空;生存;沙盒,程序生成的无限宇宙中探索、交易、建造和生存的科幻冒险游戏。,3,可试,探索感和旅途氛围强，有交易/建造等体验引擎，但核心循环有刷刷刷成分，缺乏具体人文故事和人物关系。,https://www.gamer520.com/13570.html,
2026-06-17,PC,无尽猎杀,动作;Roguelike;弹幕;独立;生存,快节奏动作Roguelike，恶魔猎人对抗地狱生物，弹幕射击+武器构筑。,1,非常不推荐,纯反应动作弹幕+Roguelike刷刷刷，无叙事无人文，完全不符合口味偏好。,https://www.gamer520.com/110436.html,
2026-06-17,PC,女巫史诗,动作;平台;冒险;独立;类银河城,2D平台动作冒险游戏，扮演魔女探索世界、击败女巫、修复友情。,2,不推荐,核心是2D平台跳跃+动作战斗（类洛克人/银河战士），需要反应操作，虽有故事但玩法仍以纯操作为主。,https://www.gamer520.com/50156.html,
2026-06-17,PC,我的修仙日志,休闲;独立;角色扮演;模拟,修仙主题挂机放置游戏，融合文字MUD美学与深度修仙模拟，包含心魔叙事突破系统,1,非常不推荐,属于泛修仙/挂机/放置类游戏，虽然有心魔叙事选择但核心挂机玩法与喜好明确冲突,https://www.gamer520.com/115977.html,
2026-06-17,PC,放置模拟国,独立;模拟;策略,国家模拟类放置游戏，自动获取资源进行国家养成最终统一天下,1,非常不推荐,纯放置模拟类游戏，资源自动生成无需操作，属于不喜欢的挂机/放置类型,https://www.gamer520.com/115974.html,
2026-06-17,PC,哇咔纳传说,动作;冒险;休闲;独立;角色扮演,童话风动作冒险游戏，扮演公主运用三大元素魔法探索大陆挑战关卡,2,不推荐,核心为动作战斗与操作挑战（走位闪避技能输出），虽有家庭纽带等人文叙事但玩法不契合偏好,https://www.gamer520.com/115968.html,
2026-06-17,PC,破晓,动作;女性主角;第三人称射击;角色扮演;僵尸,第三人称射击丧尸题材动作游戏，女主角使用量子手套在末世寻找挚友,1,非常不推荐,第三人称射击+丧尸+动作战斗，战斗堆数值且3D可能引发晕眩，属于不喜欢的类型,https://www.gamer520.com/111582.html,
2026-06-17,PC,龟龟潜海记 Shelldiver,动作;冒险,增量游戏，扮演老龟捕捉水母在店铺出售并探索海洋生物群落,2,不推荐,增量游戏本质接近放置类，重复捕捉水母刷刷刷，数值成长驱动，与喜好不符,https://www.gamer520.com/102559.html,
2026-06-17,PC,种呱得呱,休闲;独立;策略,肉鸽卡牌构筑游戏，管理农场通过抽卡构建卡组获得金币应对挑战,2,不推荐,肉鸽卡牌构筑属于不喜欢的卡牌战斗类型，虽有策略经营成分但核心玩法不符,https://www.gamer520.com/99541.html,
2026-06-17,PC,逐鹿汉末 三国,策略;历史;大战略;经营管理,以东汉末年为背景的深度历史策略游戏，通过外交、政策与军事手段逐鹿中原。,4,推荐,大战略经营管理与策略选择符合喜好，历史题材有氛围感和沉浸感，无FPS/动作/数值堆砌等雷点，但叙事驱动较弱且偏硬核策略。,https://www.gamer520.com/106239.html,
2026-06-17,PC,桌面战争 兵团乱斗,策略;即时战略;塔防;休闲,轻量化快节奏RTS+塔防混合玩法，5-10分钟一局，含战役剧情模式。,4,推荐,轻量化策略对战符合casual但不空和策略选择喜好，战役模式提供叙事内容，新颖的塔防+RTS融合形式，短平快无运营焦虑。,https://www.gamer520.com/91416.html,
2026-06-17,PC,少女终端,休闲;桌面宠物;模拟;二次元,桌面宠物游戏，通过键盘鼠标交互积累声望抽取并自定义少女外观与武器。,1,非常不推荐,二次元恋爱卖点是明确雷区，本质为桌面模拟器+声望刷刷刷，缺乏叙事深度和策略性。,https://www.gamer520.com/115546.html,
2026-06-17,PC,我来自江湖,武侠;角色扮演;模拟经营;回合制;MUD,结合武侠、角色扮演与模拟经营的MUD文字风江湖门派经营游戏。,1,非常不推荐,武侠题材（明确不喜欢），传统回合制战斗（明确不喜欢），虽然包含经营和探索要素但被核心雷点覆盖。,https://www.gamer520.com/81917.html,
2026-06-17,PC,雷霆孤影 VOIN,动作;第一人称;砍杀;黑暗奇幻,第一人称快节奏砍杀游戏，在黑暗奇幻世界中以元素之力劈开敌潮挑战头目。,1,非常不推荐,第一人称视角（晕3D明确不玩），纯反应动作战斗，无叙事/经营/策略要素，完全不符合喜好。,https://www.gamer520.com/86124.html,
2026-06-17,PC,黑纱掠袭,动作;Roguelite;多人;ARPG;loot,俯视角多人Roguelite ARPG，MOBA式角色+装备收集+撤离玩法，刷装备构建Build。,2,不推荐,核心玩法为刷刷刷装备构建（明确不喜欢），纯战斗堆数值，虽然是俯视角非FPS且有策略Build深度，但刷子本质和动作战斗远大于其他要素。,https://www.gamer520.com/115934.html,
2026-06-17,PC,魔药小铺,休闲;独立;角色扮演;模拟;策略,继承魔药小铺，调制神奇药剂、种植草药、经营店铺，从笨拙学徒成长为炼金大师的休闲模拟游戏。,4,推荐,有生活气息和明确的魔法美术风格，经营计算和任务订单符合喜好，Casual但不空；但有纯模拟器成分，扣一档。,https://www.gamer520.com/100719.html,
2026-06-17,PC,美国卡车模拟,模拟,在美洲大陆驾驶卡车完成货运任务的纯模拟驾驶游戏。,2,不推荐,属于纯模拟器不喜欢的类别，缺乏叙事驱动和人文关系，本质是驾驶运输模拟，不符合喜好。,https://www.gamer520.com/47624.html,
2026-06-17,PC,突袭者 RAIDBORN,动作;冒险;角色扮演,第一人称奇幻动作角色扮演游戏，探索地下城、战斗掠夺、打造装备。,1,非常不推荐,第一人称FPS视角，明确标注晕3D完全不玩；纯战斗堆数值+刷刷刷，完全不符合喜好。,https://www.gamer520.com/114770.html,
2026-06-17,PC,混音带 Mixtape,冒险;独立,三位好友在学生时代最后一晚的冒险之旅，伴着混音带重温青春记忆与经典旋律。,5,优先推荐,完美符合喜好——叙事驱动、有氛围、生活气息浓厚、人文和关系为核心、新颖的混音带叙事形式、明确的美术风格。,https://www.gamer520.com/113245.html,
2026-06-17,PC,叛军指挥官 Rogue Command,动作;模拟;策略,RTS融合Roguelite构筑，指挥单位建造基地，每局不同兵器库的策略游戏。,4,推荐,策略选择和经营计算是核心，有新颖的RTS+Roguelite融合形式，非纯反应操作；但仍有战斗和操作成分，不达满分。,https://www.gamer520.com/85643.html,
2026-06-17,Switch,EA SPORTS FC 26,体育,全新进化的足球体育游戏，包含终极团队、职业生涯等多种模式。,3,可试,体育竞技游戏，不在喜好范围也不在反感列表，无明显叙事或生活气息，但可作为休闲换口味尝试。,https://www.gamer520.com/101397.html,
2026-06-17,Switch,搭建赛道 Make Way,竞速;派对,多人派对赛车游戏，用古怪棋子搭建赛道并驾驶战斗冲向终点。,3,可试,有创意搭建元素和新颖形式，派对氛围轻松；但本质是操作反应竞速，与喜好方向有偏差，可试。,https://www.gamer520.com/113618.html,
2026-06-18,PC,玄尘遗卷,武侠;修真;角色扮演;模拟经营;开放世界,武侠修真开放世界RPG，融合模拟经营与世代传承玩法,1,非常不推荐,修仙/武侠题材，属于明确不喜欢的类型范畴,https://www.gamer520.com/115999.html,
2026-06-18,PC,失落之魂,动作;冒险;角色扮演;类魂;剧情,以快节奏连招战斗为核心的动作冒险RPG，从异次元入侵者手中拯救妹妹,2,不推荐,强调反应速度和操作连招的纯动作战斗，属于纯反应动作/操作挑战，且战斗风格类魂,https://www.gamer520.com/98611.html,
2026-06-18,PC,闪电十一人 英雄们的胜利之路,角色扮演;体育;收集;育成;足球,超次元足球RPG，收集培育5400+球员，体验全新剧情与线上对战,3,可试,叙事驱动的体育RPG，有收集育成要素和明确美术风格，但核心为足球比赛并非偏好类型，可尝试,https://www.gamer520.com/102008.html,
2026-06-18,PC,别让猛鬼靠近我,休闲;独立;策略;肉鸽;塔防;生存射击,轻度肉鸽生存射击塔防游戏，在丧尸猛鬼末日中防守基地，每局5分钟,2,不推荐,类幸存者玩法（Roguelite生存射击塔防），属于明确不喜欢的类型,https://www.gamer520.com/116060.html,
2026-06-18,PC,异能小猪,休闲;独立;角色扮演;模拟;互动影游;末日,末日题材互动影游，化身粉色小猪觉醒吞噬异能，分支选择影响剧情走向,3,可试,叙事驱动且有多分支选择，末日生存题材，但题材风格较奇特且可能质量参差，可以一试,https://www.gamer520.com/116056.html,
2026-06-18,PC,军火修仙,休闲;独立;角色扮演;模拟;互动影游;修仙;真人影像,修仙题材真人互动影游，穿越修真界用军火系统碾压传统修仙,1,非常不推荐,修仙题材+真人影像互动影游，两者均属于明确不喜欢的类型,https://www.gamer520.com/116053.html,
2026-06-18,PC,诡村遗墓,叙事驱动;氛围;互动影游;探索和任务;选择分支;人文和关系;新颖形式,沉浸式真人互动影游，化身快递小哥重返诡异古村，在关键剧情节点做出抉择，解锁多重分支剧情与不同结局，揭开商纣王人皇遗墓的惊天秘密。,5,优先推荐,叙事驱动核心，诡异古村氛围浓厚，选择分支剧情完整，融合探索解谜与人文关系，真人实景互动形式新颖，契合偏好。,https://www.gamer520.com/116048.html,
2026-06-18,PC,丹墨三国 弈,策略选择;战棋;经营计算;人文和关系;明确美术风格;新颖形式,以三国为背景融合传统棋类思维与沙盘战棋的策略游戏，调度200+将领，运用兵种克制与地形优势夺取城池，无需手速纯拼智谋。,4,推荐,纯策略战棋，无需手速不靠爆肝，有兵力/地形/将领协同的经营计算深度，融合棋类思维形式新颖，美术风格明确。,https://www.gamer520.com/105854.html,
2026-06-18,PC,哥布林维克 窃贼大亨,策略选择;经营计算;探索和任务;生活气息;新颖形式;氛围;体验引擎,融合潜行盗窃与店铺经营的2D横版游戏，夜晚潜入地宫盗宝，白天Roll点吹嘘高价卖货，招募雇员扩张店铺，从负债哥布林逆袭成黑金大亨。,5,优先推荐,潜行盗窃+经营模拟的双循环新颖融合极具创意，背包格子管理/Roll点卖货/天赋树等体验引擎丰富，生活气息浓郁，策略选择与经营计算贯穿始终。,https://www.gamer520.com/112741.html,
2026-06-18,PC,失落国度 死境求生,类幸存者;刷刷刷;纯战斗,在线合作生存自动射击游戏，与成群敌人战斗，融合技能树和升级，程序化生成地图和敌潮。,1,非常不推荐,典型的类幸存者游戏，自动射击+一波波敌人+程序化生成，核心是纯战斗堆数值和刷刷刷，与偏好完全冲突。,https://www.gamer520.com/113168.html,
2026-06-18,PC,深入矩阵,卡牌构筑;策略选择;资源管理;叙事驱动;氛围;探索和任务;明确美术风格,赛博朋克牌组构建游戏，扮演黑客构建程序卡组，探索危险的赛博空间，管理资源解锁特长，对抗邪恶大企业。,4,推荐,卡牌构筑作为体验引擎而非传统卡牌战斗，搭配赛博空间地图探索、资源管理、叙事驱动和明确赛博朋克美术风格，有策略深度。,https://www.gamer520.com/102052.html,
2026-06-18,PC,狩魔之旅 万界仙踪,修仙;挂机放置;刷刷刷;二次元恋爱;传统回合制,像素风修仙回合制RPG，招募20位女性伙伴，挂机放置无限刷宝，14重修仙境界与转生系统，道侣双修与宗门经营。,1,非常不推荐,同时踩中修仙/挂机放置/刷刷刷/二次元恋爱卖点/传统回合制战斗等多个雷区，与偏好完全相悖。,https://www.gamer520.com/112323.html,
2026-06-18,PC,横跨方尖碑,冒险;独立;角色扮演;策略;卡牌;Roguelite;合作,多人合作Roguelite卡牌构筑游戏，带领英雄队伍穿越方尖碑拯救王国,3,可试,Roguelite卡牌构筑有策略深度和探索价值，合作模式和多英雄组合提供变数；但核心为回合制卡牌战斗系统，包含数值构建和一定刷刷刷成分,https://www.gamer520.com/40066.html,
2026-06-18,PC,全职猎人NEN×IMPACT,动作;格斗;对战;漫改,全职猎人IP的3v3团队格斗对战游戏，基于念能力系统展开连击对战,1,非常不推荐,纯3v3格斗对战游戏，核心为反应操作与连击技巧，属于纯反应动作/操作挑战,https://www.gamer520.com/96113.html,
2026-06-18,PC,猎人 荒野的召唤,模拟;狩猎;开放世界;第一人称,在广袤自然世界中沉浸式狩猎的模拟游戏，支持单人与多人合作,2,不推荐,第一人称狩猎模拟器，FPS视角可能导致3D晕眩，核心玩法为纯模拟器性质的打猎探索，FPS属性是明确排除项,https://www.gamer520.com/47226.html,
2026-06-18,PC,缺氧,模拟;策略;殖民;经营;生存;管理,太空殖民模拟游戏，管理复制人在小行星上应对氧气、温度、资源等多重生存挑战,5,优先推荐,深度殖民模拟经营，复杂的气体/液体/温度/电力系统提供丰富的策略选择和经营计算，多星球探索，明确卡通美术风格，资源管理和规划极具深度,https://www.gamer520.com/25541.html,
2026-06-20,PC,冒险家艾略特的千年奇谭,动作;冒险;角色扮演;HD-2D,HD-2D风格的像素×3DCG动作RPG，讲述冒险家艾略特的千年传说,3,可试,明确的美术风格(HD-2D)和冒险题材值得一试，但动作RPG的战斗模式可能存在反应操作挑战,https://www.gamer520.com/116107.html,
2026-06-20,PC,云族裔 inZOI,冒险;休闲;模拟;生活模拟,虚幻引擎5打造的高自由度生活模拟游戏，创造角色、建造房屋、体验人生故事,4,推荐,强大的生活气息和人文关系体验，自由创作与叙事结合，符合生活气息、人文关系、探索等多项喜好,https://www.gamer520.com/90477.html,
2026-06-20,PC,禁忌长生 低语修真,冒险;独立;角色扮演;策略;抢先体验;修仙;幸存者,水墨风格修仙幸存者肉鸽游戏，融合克苏鲁元素，战斗修炼求生,1,非常不推荐,涉及多重明确不喜欢的类型：修仙/武侠、类幸存者、刷刷刷战斗堆数值,https://www.gamer520.com/116269.html,
2026-06-20,PC,环形帝国2,休闲;独立;策略;RTS,快节奏环形地图RTS，征服圆环、收集资源、组建军队的策略游戏,3,可试,策略选择和资源经营符合喜好，但RTS的实时操作要求可能存在反应挑战,https://www.gamer520.com/107670.html,
2026-06-20,PC,感谢你的投递,独立;角色扮演;模拟;叙事驱动,剧情驱动的面试模拟游戏，扮演面试官审阅简历，多结局职场黑色幽默叙事,5,优先推荐,完美匹配喜好：叙事驱动、新颖形式(面试模拟)、档案审阅(体验引擎)、人文关系、策略选择、多结局,https://www.gamer520.com/116250.html,
2026-06-20,PC,马赛利亚 往日的绝响,冒险;独立;银河恶魔城;探索,3D类银河恶魔城游戏，探索广阔互联世界，解锁能力揭开失落文明的秘密,3,可试,探索和氛围是强项，但类银河恶魔城的动作操作和战斗可能存在反应挑战,https://www.gamer520.com/116246.html,
2026-06-19,PC,泰坦之旅2,动作角色扮演;神话探索;专精组合;手造战役;希腊神话,希腊神话ARPG，注重探索和手造战役体验，结合两种专精自由组合职业,3,可试,有探索驱动、神话氛围、城镇生活气息、专精组合策略等喜好元素，但核心仍是动作战斗+刷装备的ARPG循环,https://www.gamer520.com/97218.html,
2026-06-19,PC,我独自升级 起立·觉醒,动作角色扮演;漫改;单人升级;暗影君王;协作战斗,热门网漫改编动作RPG，扮演程肖宇觉醒为暗影君王，包含强力动作战斗和4人协作组团战,2,不推荐,核心为纯战斗堆数值和刷刷刷升级的力量幻想，缺乏叙事驱动/氛围/生活气息/经营策略等喜好要素,https://www.gamer520.com/116138.html,
2026-06-19,PC,刺客信条 影,动作冒险;开放世界;日本战国;潜行;忍者;武士;叙事驱动,在日本战国背景下扮演忍者刺客与传奇武士，在美丽开放世界中探索的史诗动作冒险故事,4,推荐,叙事驱动、开放世界探索、浓厚战国氛围、潜行+任务系统，注重剧情和历史沉浸,https://www.gamer520.com/109508.html,
2026-06-18,PC/Switch,超英派遣中心,动作;冒险;休闲;独立;策略;叙事驱动;选择驱动,超级英雄职场喜剧游戏，管理问题英雄团队并策略派遣处理城市危机，选择影响故事走向,5,优先推荐,叙事驱动+选择导向的超级英雄职场喜剧，策略派遣涉及资源管理和风险权衡，办公室人际关系和角色剧情丰富，编剧来自Telltale品质保证，美术风格鲜明,https://www.gamer520.com/101137.html,
2026-06-18,PC/Switch,潜水员戴夫,冒险;休闲;角色扮演;模拟;经营;探索,白天在蓝洞潜水捕鱼、晚上经营寿司店的海洋冒险游戏，伴随剧情探索海底谜团,5,优先推荐,白天探索+夜晚经营双循环，叙事驱动，生活气息浓厚，探索和任务明确，寿司店经营涉及资源管理和策略选择，美术风格清新明确，casual但不空洞,https://www.gamer520.com/44321.html,
2026-05-28,PC/Switch,终极幸运之塔,爬塔；概率；roguelike；短局策略,围绕运气和风险爬塔，在随机事件与奖励之间做取舍。,2,观望,机制可能有短局策略，但叙事弱,https://www.gamer520.com/82127.html,
2026-06-22,PC,尸姬之梦,冒险;独立;策略,卡牌策略构筑游戏，扮演苏醒的尸姬大人以傀儡为军队、亡魂为资源，通过卡牌战斗征服世界,2,不推荐,核心为卡牌战斗（传统回合制/卡牌战斗），且角色主题偏二次元画风不符合偏好,https://www.gamer520.com/105037.html,
2026-06-22,PC,琉隐无界 Liuyins World,动作;冒险;角色扮演,3D赛博玄幻箱庭关卡多结局动作角色扮演游戏，以进攻为核心的战斗系统,2,不推荐,核心为动作战斗，鼓励进攻+格挡闪避的箱庭关卡设计，不符合偏好,https://www.gamer520.com/99800.html,
2026-06-22,PC,大宋英雄传,冒险;独立;角色扮演;策略;抢先体验,以宋朝为背景的策略武侠游戏，技能搭配组合多分支剧情选择,1,非常不推荐,武侠主题明确被排除，虽含策略元素但题材完全不匹配,https://www.gamer520.com/90988.html,
2026-06-22,PC,城门血战,动作;独立;策略,Rogue动作塔防游戏，选择英雄构建防线抵抗魔族大军,3,可试,塔防策略有策略选择，但动作战斗部分有操作门槛，可尝试策略层面,https://www.gamer520.com/116160.html,
2026-06-22,PC,千层登塔,休闲;独立;策略,东方像素风格登塔游戏，召唤角色自动战斗，点击操控+法门树策略成长,2,不推荐,包含挂机自动战斗/放置成长，虽含策略选择但核心loop为挂机放置驱动,https://www.gamer520.com/116164.html,
2026-06-22,PC,铁骑少女,射击;Roguelike;机甲;恋爱养成,射击游戏，带领少女机兵作战，roguelike战斗+恋爱养成要素,1,非常不推荐,FPS射击含二次元恋爱约会要素，双重排除,https://www.gamer520.com/66494.html,
2026-06-22,PC,架空地图模拟器,独立;模拟;策略;抢先体验,创建幻想地图，以上帝视角观察世界数百年的政治、外交与战争演变,2,不推荐,核心为沙盒模拟观察，缺乏叙事驱动和明确任务目标，偏被动观看，属于纯模拟器类型,https://www.gamer520.com/81733.html,
2026-06-22,PC,骷髅成群,动作;冒险;休闲,化身飞天骷髅死灵法师，通过自走棋构筑骷髅大军探索程序生成地城,3,可试,自走棋策略构筑有深度，非纯反应操作，但以战斗为主且缺乏叙事和人文内容,https://www.gamer520.com/111669.html,
2026-06-22,PC,机动战队VS,动作;格斗,机甲格斗对战游戏，操控机体使用多种武装与对手竞技,1,非常不推荐,纯格斗游戏，完全依赖反应速度和操作技巧，属于纯反应动作/操作挑战,https://www.gamer520.com/91630.html,
2026-06-22,PC,无尽爱丽丝,Roguelite;RPG,Roguelite随机地牢冒险，单人/多人合作战斗收集强化要素,2,不推荐,纯战斗收集型Roguelite，缺乏叙事驱动和明确美术风格，以刷刷刷强化为核心,https://www.gamer520.com/87402.html,
2026-06-22,PC,无感染区 支持者版,动作;独立;模拟;策略;抢先体验,在全球真实城市地图上建设安全区，管理幸存者聚居地并抵御感染者,4,推荐,策略经营和资源管理要素丰富，真实地理数据带来新颖体验，基地建设与外交贸易有深度,https://www.gamer520.com/69323.html,
2026-06-19,Switch,最终幻想战略版 伊瓦利斯编年史,策略;RPG,经典战术RPG重制版，深度职业系统和3D地图策略战斗，体验伊瓦利斯世界的政治史诗,5,优先推荐,顶级叙事驱动，伊瓦利斯世界氛围浓厚且美术风格明确，深度策略职业搭配和战术布局，丰富的人文关系和政治戏剧刻画,https://www.gamer520.com/100625.html,
2026-06-19,Switch,异形战机 维度3 R-Type Dimensions III,射击;街机,经典横版卷轴射击游戏高清重制，驾驶战机对抗拜多帝国,1,非常不推荐,纯反应操作的弹幕射击游戏，完全依赖操作技巧和反应速度,https://www.gamer520.com/116278.html,
2026-06-19,Switch,街头篮球 Street Basketball,体育;街机;多人,选择角色进行投篮对战的街机篮球游戏,2,不推荐,体育类操作游戏，核心是投篮操作和数据提升，缺乏叙事和氛围要素,https://www.gamer520.com/116276.html,
2026-06-18,Switch,飞速电梯REMIX,动作;射击;双摇杆;爬塔,乘坐电梯爬塔的双摇杆射击动作游戏,2,不推荐,双摇杆射击游戏，强调快节奏反应和操作技巧,https://www.gamer520.com/85852.html,
2026-06-18,Switch,漂泊牧歌 The Wandering Village,经营;策略;建造;生存;叙事;氛围;人文,在巨兽背上建设村落的后启示录生存经营游戏,5,优先推荐,经营建造+策略规划+探索，与巨兽共生的独特人文关系，氛围浓厚且富有生活气息,https://www.gamer520.com/96329.html,
2026-06-18,Switch,东方弹幕神乐 失落幻想,音游;弹幕;二次元;东方Project,融合音游与弹幕射击的东方Project音乐游戏,2,不推荐,音游+弹幕射击需要精确反应操作，且为二次元IP作品,https://www.gamer520.com/81716.html,
2026-06-18,Switch,地牢破坏者 DUNGEON RAZE,动作;破坏;数值;刷刷刷,以破坏地牢墙壁和敌人为核心的数值成长爽游,1,非常不推荐,纯战斗数值膨胀和刷刷刷，缺乏策略深度和叙事,https://www.gamer520.com/116091.html,
2026-06-18,Switch,简单高尔夫,休闲;体育;高尔夫;生活气息,Clap Hanz开发的轻松休闲高尔夫游戏,4,推荐,休闲放松有生活气息，有巡回模式和成长要素，casual但不空洞,https://www.gamer520.com/41439.html,
2026-06-18,Switch,表情包战场 夏日假期 Emoji Battlefield Sky Massacre,FPS;Roguelite;表情包;射击,第一人称射击表情包怪物的Roguelite游戏,1,非常不推荐,第一人称射击(晕3D)且带有类幸存者要素,https://www.gamer520.com/116089.html,
2026-06-18,Switch,最终夺回小分队 TheLastSalvageSquad,FPS;科幻;机甲;射击,操控巨大机甲在外星人入侵后的地球作战的2.5D FPS,1,非常不推荐,FPS类型，直接属于明确排除项(晕3D不玩),https://www.gamer520.com/116087.html,
2026-06-18,Switch,幻像之龙 Dragon Of Illusion,动作;平台;冒险;Boss战,拯救公主击败幻象之龙的2D动作平台游戏,2,不推荐,传统动作平台游戏，核心是操作挑战和Boss战，缺乏叙事深度,https://www.gamer520.com/116085.html,
2026-06-22,PC,圣兽之王,模拟RPG;策略;叙事驱动,身为亡国王子率军解放世界，招募60+伙伴的模拟RPG,4,推荐,VANILLAWARE独特美术风格出众，叙事驱动且探索和招募伙伴要素丰富，战斗偏策略规划,https://www.gamer520.com/73816.html,
2026-06-22,PC,平安古都物语 Heian City Story,模拟;策略;休闲;经营,开罗风格的平安时代都城经营模拟游戏，建造设施发展城镇,4,推荐,生活气息浓厚，策略经营计算有深度，casual不空洞,https://www.gamer520.com/89988.html,
2026-06-22,PC,太阳帝国2,模拟;策略;4X;RTS;太空,史诗级太空4X即时策略游戏，多文明多路线征服银河,3,可试,策略深度极高，经营外交科技等元素丰富；但偏重战斗扩张和数值对抗,https://www.gamer520.com/80965.html,
2026-06-22,PC,双点博物馆 馆长典藏版,模拟;策略;休闲;经营,设计管理博物馆、展示文物、满足访客的趣味经营模拟,5,优先推荐,完美契合策略经营和生活气息喜好，轻松幽默不空洞，双点工作室一贯高质量,https://www.gamer520.com/111030.html,
2026-06-22,PC,异世界旅行日记 SlackOffDiary,放置;经营;RPG;休闲,可贴在桌面的异世界放置经营游戏，带轻度RPG战斗,2,不推荐,核心机制为放置挂机，与偏好中挂机/放置为明确雷点冲突,https://www.gamer520.com/116423.html,
2026-06-22,PC,格林威尔,休闲;独立;策略;城市建造,温馨的单人城市建造游戏，管理MMO风格小镇,3,可试,生活气息和氛围感强，城市建造有策略选择符合喜好；内含放置机制是减分项,https://www.gamer520.com/116401.html,
2026-06-22,PC,白荣大学 0号馆,叙事驱动;氛围;探索和任务;体验引擎;人文和关系,以日本大学为舞台的废墟探索恐怖冒险游戏，注重剧情体验与氛围感,5,优先推荐,明确叙事驱动、氛围感强、探索和任务核心，无战斗堆数值、无反应操作,https://www.gamer520.com/116410.html,
2026-06-22,PC,覆巢之地,策略选择和经营计算;探索;人文和关系,残酷中世纪RPG，融合村庄建设、社会管理、资源收集与生存探索,4,推荐,策略经营计算、探索、人文关系均符合喜欢，核心是经营管理和选择驱动,https://www.gamer520.com/109425.html,
2026-06-22,PC,元素 重铸,策略选择和经营计算;探索;叙事驱动;新颖的形式,史诗级回合制奇幻4X策略游戏，领导文明、探索世界、研究科技、战术战斗,5,优先推荐,深度策略选择、经营计算、探索和叙事驱动完美命中喜欢项,https://www.gamer520.com/111999.html,
2026-06-22,PC,月之魔印 Moonsigil Atlas,新颖的形式;策略选择,无能量限制的卡组构筑肉鸽游戏，利用物理空间拼接卡牌出牌,3,可试,新颖的空间出牌机制和策略构筑是亮点，但核心仍为卡牌构筑战斗,https://www.gamer520.com/114486.html,
2026-06-22,PC,穹海双星 Second Stellar,类幸存者;纯反应动作,双角色动作Roguelite类幸存者游戏，同时操控两名角色突破重围,1,非常不推荐,明确标注为类幸存者游戏，是不喜欢类别；同时需要纯反应操作,https://www.gamer520.com/116404.html,
2026-06-22,PC,海边宝藏小铺,生活气息;氛围;casual;探索;经营,沙滩寻宝、修复文物、经营小铺的治愈系慢生活游戏,5,优先推荐,强烈符合生活气息、氛围、casual但不空、探索寻宝、经营计算，完美匹配多个喜欢项,https://www.gamer520.com/116398.html,
2026-06-23,PC,地平线 零之曙光 重制版,叙事驱动;氛围;探索;体验引擎;人文关系;美术风格,开放世界动作角色扮演游戏，扮演机器猎人埃洛伊探索失落文明遗迹，追寻身世真相,5,优先推荐,强叙事驱动、优秀的世界氛围与探索体验，明确美术风格和丰富的人文关系,https://www.gamer520.com/84250.html,
2026-06-23,PC,释厄传,卡牌战斗;Roguelike,后西游都市怪谈题材的牌组构建式Roguelike，用卡牌和法宝构筑流派,2,不推荐,核心玩法为卡牌构筑战斗，属于传统卡牌战斗类型,https://www.gamer520.com/116479.html,
2026-06-23,PC,挂机破坏神,挂机放置;刷刷刷,类暗黑挂机刷宝游戏，通过挂机自动获取装备和资源,1,非常不推荐,纯挂机放置+刷刷刷游戏，直接命中不喜欢的类型,https://www.gamer520.com/116476.html,
2026-06-23,PC,黑帆王座,类幸存者;纯战斗,堆叠武器和模块让战舰战力无限膨胀的类幸存者风格游戏,2,不推荐,核心为类幸存者/自动战斗类型,https://www.gamer520.com/116473.html,
2026-06-23,PC,信长之野望 新生 威力加强版,策略;经营;历史模拟,历史模拟策略游戏，与个性鲜明的家臣君臣一体推动战国历史,5,优先推荐,深度策略经营计算，丰富武将人际关系系统，历史叙事驱动,https://www.gamer520.com/39076.html,
2026-06-23,PC,零～红蝶～REMAKE,叙事驱动;氛围;探索;人文关系;美术风格,日式恐怖冒险游戏，双胞胎姐妹在怨灵徘徊的废村中探索求生,5,优先推荐,极强氛围营造、叙事驱动、探索为核心、双胞胎姐妹情感关系深刻,https://www.gamer520.com/110139.html,
2026-06-23,PC,怪物猎人崛起 曙光,动作;狩猎;开放世界,在大型开放世界中狩猎怪物，收集素材打造装备的动作狩猎游戏,2,不推荐,核心是刷怪物素材→做装备→打更强怪的grind循环,https://www.gamer520.com/52015.html,
2026-06-23,PC,索拉斯塔2,角色扮演;策略;回合制战术;D&D,基于D&D5.2规则的回合制战术角色扮演游戏，组建小队探索大陆,4,推荐,叙事驱动、小队人文关系、策略战术选择丰富、有探索任务和D&D桌游氛围,https://www.gamer520.com/110191.html,
2026-06-23,PC,深岩银河 幸存者,类幸存者;俯视角射击,单人幸存者类游戏，自动射击虫群、挖掘财宝、升级装备,1,非常不推荐,明确属于类幸存者类型，纯战斗波次生存,https://www.gamer520.com/72416.html,
2026-06-23,PC,符文之骰,策略;骰子构筑;独立,投掷骰子触发魔法连锁的战术构筑游戏，融合物理碰撞与骰子升级机制,4,推荐,骰子物理融合连锁机制形式新颖，8个职业丰富策略选择，明确美术风格,https://www.gamer520.com/113906.html,
2026-06-23,PC,围攻,独立;模拟;物理建造;沙盒,物理引擎驱动的战争机器建造游戏，自由组装模块摧毁关卡目标,3,可试,创意物理建造形式新颖，策略性设计选择，但偏模拟/沙盒类,https://www.gamer520.com/72958.html,
2026-06-23,PC,疫区岛,动作;冒险;生存;开放世界;恐怖,开放世界沙盒恐怖生存游戏，在疫情爆发的小岛上求生、建造、探索真相,3,可试,有探索任务、生存建造和氛围感，但可能存在FPS视角风险和刷刷刷要素,https://www.gamer520.com/102626.html,
2026-06-23,PC,圣火守望者 共筑防线,类幸存者;塔防;动作,类幸存者玩法，快节奏塔防防守，满屏怪物潮,1,非常不推荐,典型的类幸存者游戏，纯战斗堆怪海,https://www.gamer520.com/116482.html,
2026-06-23,PC,森灵旅社,模拟经营;RPG;治愈系;像素风;叙事驱动,治愈系动物旅社经营RPG，像素风田园生活，经营旅社、照料动物、揭开村庄秘密,5,优先推荐,治愈系模拟经营RPG，高度契合生活气息、氛围、叙事驱动、探索任务、经营策略,https://www.gamer520.com/116458.html,
2026-06-24,PC,冰汽时代2,策略;城市建造;生存;叙事驱动;氛围,末日暴风雪后的社会生存策略游戏，管理城市与议会派系，做出艰难的道德抉择,5,优先推荐,叙事驱动且氛围极强，策略选择和经营计算深度丰富，独特美术风格,https://www.gamer520.com/75343.html,
2026-06-24,PC,吸血鬼爬行者,动作;卡牌构筑;类幸存者,融合类幸存者割草爽感的回合制卡牌构筑地牢探索游戏,1,非常不推荐,属于类幸存者割草游戏，同时包含传统回合制卡牌战斗,https://www.gamer520.com/112125.html,
2026-06-24,PC,符文世界 龙之荒野,动作;冒险;角色扮演;生存,基于符文世界IP的多人合作生存冒险RPG，收集资源建造家园对抗巨龙,2,不推荐,动作生存RPG，以战斗和资源收集为核心，刷刷刷倾向明显,https://www.gamer520.com/116529.html,
2026-06-24,PC,警区,动作;模拟;沙盒;叙事驱动;黑色美学,1980年代霓虹黑色美学沙盒动作游戏，扮演警察打击犯罪并揭开父亲死亡真相,4,推荐,霓虹黑色美学氛围出色，叙事驱动，探索任务丰富，1980年代人文气息浓厚,https://www.gamer520.com/92785.html,
2026-06-24,PC,东北往事,角色扮演;模拟;互动影像;叙事驱动;时代剧,基于经典IP的真人互动影像游戏，扮演赵红兵在80-90年代东北江湖中做出抉择,4,推荐,强叙事驱动，80-90年代东北江湖氛围浓厚，人文关系和策略选择丰富,https://www.gamer520.com/116569.html,
2026-06-24,PC,机械之子 Machine Child,冒险;休闲;养成;生活模拟,知名插画师大枪苇人打造的养成模拟游戏，培养女儿技能与羁绊,3,可试,生活气息浓厚，人文关系温馨，明确的美术风格，但养成模拟类型与避雷项接近,https://www.gamer520.com/111440.html,
2026-06-24,PC,尘风 抵抗,动作;角色扮演;策略;战术;末日,末日背景下的战术实时暂停策略游戏，带领小队对抗掠夺者军队,3,可试,战术实时暂停策略玩法符合策略选择偏好，末日探索与任务驱动,https://www.gamer520.com/102758.html,
2026-06-24,PC,庄园领主,策略;城市建造;经济模拟;中世纪,中古时期策略游戏，具备深入城市建造、战术大规模战斗及经济和社会模拟,5,优先推荐,深度策略经营+城市建造，明确中世纪美术风格，有探索扩张和任务驱动,https://www.gamer520.com/75835.html,
2026-06-24,PC,为了吾王2,Roguelite;桌面游戏;策略;回合制,融合roguelite与桌面元素的回合制策略RPG，四人合作对抗残暴女王,3,可试,有策略深度和探索元素，桌游风格新颖，但含传统回合制战斗,https://www.gamer520.com/67181.html,
2026-06-24,PC,朝露 境界旅程,独立;角色扮演;策略;回合制,箱庭式地图的2D回合制游戏，扮演少女露收集技能和道具展开冒险,2,不推荐,传统回合制战斗为核心玩法，属于明确不喜欢的类型,https://www.gamer520.com/97838.html,
2026-06-24,PC,衔尾 龙之铃,动作;冒险;银河城;时间循环,将时间和地图设计结合的银河城，在五天循环中探索2D手绘世界,3,可试,手绘美术风格优异、时间循环机制新颖、探索驱动设计精妙,https://www.gamer520.com/94661.html,
2026-06-24,PC,怪物来袭 摇滚狂飙,塔防;生存;轻度Rogue,塔防生存轻度rogue游戏，抵御凶残怪潮保护移动城市,2,不推荐,类幸存者风格塔防生存游戏，核心为抵御怪潮刷刷刷,https://www.gamer520.com/102514.html,
2026-06-24,PC,模拟农场25,模拟;经营;农场,打造属于你的农场，种植作物、照料牲畜、管理商业王国,1,非常不推荐,纯模拟器游戏，属于明确不喜欢的类型,https://www.gamer520.com/84823.html,
2026-06-24,Switch,漫游站 Wanderstop,叙事;治愈;经营;独立,史丹利的寓言制作人新作，在魔法森林中经营茶馆招待宾客,5,优先推荐,叙事驱动、氛围极佳、治愈系生活气息、茶馆经营有策略计算,https://www.gamer520.com/116583.html,
2026-06-24,Switch,Deer and Boy,叙事;冒险;电影式;治愈,叙事型电影式冒险游戏，讲述离家男孩与虚弱小鹿之间的诗意羁绊,5,优先推荐,叙事驱动、浓厚人文情感、治愈氛围、电影级美术视觉,https://www.gamer520.com/116585.html,
2026-06-24,Switch,钻核公司 Drill Core,策略;资源管理;塔防;经营,管理矿工团队在危险任务中开采矿物，运用战略思维保护团队,3,可试,策略选择和资源经营管理符合喜好,https://www.gamer520.com/116498.html,
2026-06-23,Switch,女子防卫队2 崛起学院 Girls Force 2 Rising Academy,第三人称射击;动作;二次元,第三人称射击游戏，两位女子特工以卡通渲染风格执行高风险任务,1,非常不推荐,TPS射击晕3D不玩且二次元卖肉卖点明显,https://www.gamer520.com/116495.html,
2026-06-23,Switch,東方紅輝心 Touhou Scarlet Curiosity,动作;角色扮演;弹幕;东方Project,东方Project二次创作3D弹幕动作RPG，操作角色打爆敌人,2,不推荐,核心为动作战斗打怪刷刷刷提升装备,https://www.gamer520.com/116485.html,
2026-06-23,Switch,始于谎言的夏日恋情 Girls of The Tower,视觉小说;百合;恋爱;青春,百合视觉小说，讲述夏日、恋爱以及青春的校园百合恋爱故事,1,非常不推荐,二次元恋爱卖点明确,https://www.gamer520.com/116491.html,
